{
"type": "FeatureCollection",
"name": "surabaya_kecamatan",
"crs": { "type": "name", "properties": { "name": "urn:ogc:def:crs:OGC:1.3:CRS84" } },
"features": [
{ "type": "Feature", "properties": { "kecamatan": "Asem Rowo" }, "geometry": { "type": "Polygon", "coordinates": [ [ [ 112.717460566000113, -7.244073388999936, 0.0 ], [ 112.717736685000091, -7.245962236999958, 0.0 ], [ 112.716749818000039, -7.247653829999933, 0.0 ], [ 112.715705222000111, -7.250169734999929, 0.0 ], [ 112.715847364000069, -7.252151015999971, 0.0 ], [ 112.714743131000091, -7.256380237999963, 0.0 ], [ 112.714144990000023, -7.25595905199998, 0.0 ], [ 112.713663068000074, -7.255860390999942, 0.0 ], [ 112.713244282, -7.255352400999925, 0.0 ], [ 112.712740417000077, -7.25515334399995, 0.0 ], [ 112.712148360000015, -7.253620222999928, 0.0 ], [ 112.712154912000074, -7.253160908999973, 0.0 ], [ 112.711847948000013, -7.253136353999935, 0.0 ], [ 112.711753740000063, -7.252963229999978, 0.0 ], [ 112.711354151000023, -7.253027021999969, 0.0 ], [ 112.710079669000038, -7.252800580999974, 0.0 ], [ 112.709693322000021, -7.253334674999962, 0.0 ], [ 112.708996950000028, -7.253545429999974, 0.0 ], [ 112.708431615000109, -7.25351868499996, 0.0 ], [ 112.70726662200002, -7.254025621999972, 0.0 ], [ 112.706031124000106, -7.254216866999968, 0.0 ], [ 112.705220726000107, -7.254686419999928, 0.0 ], [ 112.702921192000076, -7.254795527999931, 0.0 ], [ 112.702462173000072, -7.254427189999944, 0.0 ], [ 112.702102929000034, -7.253316524999946, 0.0 ], [ 112.701557799000057, -7.253137313999957, 0.0 ], [ 112.701035556000079, -7.253346467999961, 0.0 ], [ 112.701272562000099, -7.252928372999975, 0.0 ], [ 112.700598261000096, -7.252047543999936, 0.0 ], [ 112.700219620000098, -7.252074409999977, 0.0 ], [ 112.700056071000063, -7.252821106999932, 0.0 ], [ 112.69858010400003, -7.252395634999971, 0.0 ], [ 112.698231522000015, -7.253856136999957, 0.0 ], [ 112.69799169800001, -7.254047167999943, 0.0 ], [ 112.697484933000055, -7.254044087999944, 0.0 ], [ 112.697177483000019, -7.253811005999978, 0.0 ], [ 112.696905429000026, -7.25055303299996, 0.0 ], [ 112.696581367000022, -7.250160113999925, 0.0 ], [ 112.695998722000013, -7.250033100999929, 0.0 ], [ 112.695537023000043, -7.249575487999948, 0.0 ], [ 112.692288947000065, -7.251654602999963, 0.0 ], [ 112.692048790000058, -7.252782304999926, 0.0 ], [ 112.691718176000109, -7.252783535999981, 0.0 ], [ 112.689150227000027, -7.254156744999932, 0.0 ], [ 112.689474819000111, -7.252540683999939, 0.0 ], [ 112.688879252000106, -7.252411411999958, 0.0 ], [ 112.688095222000015, -7.252258750999943, 0.0 ], [ 112.68807287900006, -7.252431061999971, 0.0 ], [ 112.685429113000055, -7.252712695999946, 0.0 ], [ 112.683407214000113, -7.252805080999963, 0.0 ], [ 112.682794428000079, -7.252581978999956, 0.0 ], [ 112.682662852000021, -7.25273894999998, 0.0 ], [ 112.681968291000089, -7.252693065999949, 0.0 ], [ 112.682176520000098, -7.249761494999973, 0.0 ], [ 112.678078679, -7.249475200999939, 0.0 ], [ 112.674566795000032, -7.248268030999952, 0.0 ], [ 112.674200888000087, -7.245720159999962, 0.0 ], [ 112.67387890200007, -7.244940349999979, 0.0 ], [ 112.674472665000053, -7.242239542999926, 0.0 ], [ 112.675099914000043, -7.241535662999979, 0.0 ], [ 112.675273067000035, -7.241002123999976, 0.0 ], [ 112.675181205000058, -7.239480896999964, 0.0 ], [ 112.675306653, -7.238418211999942, 0.0 ], [ 112.67375655100011, -7.238127789999965, 0.0 ], [ 112.673393719000046, -7.23825839999995, 0.0 ], [ 112.672772297000051, -7.240130920999945, 0.0 ], [ 112.672280534000038, -7.240034718999937, 0.0 ], [ 112.672185504000026, -7.240174941999953, 0.0 ], [ 112.671514794000018, -7.240201329999934, 0.0 ], [ 112.670519013000103, -7.239780334999978, 0.0 ], [ 112.669320696000113, -7.239787474999957, 0.0 ], [ 112.66911889000005, -7.240156293999974, 0.0 ], [ 112.669245764000038, -7.240454878999969, 0.0 ], [ 112.668866630000025, -7.24159266199996, 0.0 ], [ 112.667739367000081, -7.241249893999964, 0.0 ], [ 112.667509719, -7.242321335999975, 0.0 ], [ 112.667138300000033, -7.242095, 0.0 ], [ 112.666491779000012, -7.242390857999965, 0.0 ], [ 112.666036854000026, -7.24207381399998, 0.0 ], [ 112.66549465300011, -7.239972196999929, 0.0 ], [ 112.665085670000053, -7.239507173999925, 0.0 ], [ 112.664587859000108, -7.239317602999961, 0.0 ], [ 112.664173085000016, -7.23890642899994, 0.0 ], [ 112.662927361000015, -7.238922943999967, 0.0 ], [ 112.660965934000046, -7.238128647999929, 0.0 ], [ 112.660759922000011, -7.237746423999965, 0.0 ], [ 112.660785244000067, -7.236966888999973, 0.0 ], [ 112.660274123000022, -7.236412517999952, 0.0 ], [ 112.660444216000087, -7.235974884999962, 0.0 ], [ 112.661377575000074, -7.235708315999943, 0.0 ], [ 112.662504647000105, -7.236003251999932, 0.0 ], [ 112.662937479000107, -7.234805466999944, 0.0 ], [ 112.66285128800007, -7.234165811999958, 0.0 ], [ 112.662280956000018, -7.233797070999969, 0.0 ], [ 112.662177980000024, -7.233480451999981, 0.0 ], [ 112.662672413000109, -7.23274896199996, 0.0 ], [ 112.66270006700006, -7.231579398999941, 0.0 ], [ 112.662558985000032, -7.231212252999967, 0.0 ], [ 112.661610070000052, -7.230497989999947, 0.0 ], [ 112.661226055000043, -7.229729787999929, 0.0 ], [ 112.661375157000066, -7.228495201999976, 0.0 ], [ 112.662133986000072, -7.228001992999964, 0.0 ], [ 112.663169931000084, -7.22795036499997, 0.0 ], [ 112.663545959000089, -7.227609375999975, 0.0 ], [ 112.663816355000108, -7.226321948999953, 0.0 ], [ 112.663632525000025, -7.225065823999955, 0.0 ], [ 112.664014535000092, -7.224711549999938, 0.0 ], [ 112.664144829000065, -7.22431034799996, 0.0 ], [ 112.663716040000054, -7.223337003999973, 0.0 ], [ 112.663903031000018, -7.222547727999938, 0.0 ], [ 112.664440179000053, -7.222140898999953, 0.0 ], [ 112.664706285000079, -7.222193431999926, 0.0 ], [ 112.665253170000028, -7.222769178999954, 0.0 ], [ 112.665911945000062, -7.222760792999964, 0.0 ], [ 112.666503853000108, -7.222483503999968, 0.0 ], [ 112.667320825000047, -7.221517577999975, 0.0 ], [ 112.667838652000114, -7.220494707999933, 0.0 ], [ 112.668365784000116, -7.220196972999929, 0.0 ], [ 112.668739768000023, -7.220607722999944, 0.0 ], [ 112.669372313000054, -7.220634117999964, 0.0 ], [ 112.669378684000094, -7.221064726999941, 0.0 ], [ 112.669993083, -7.221368706999954, 0.0 ], [ 112.670145472000058, -7.221114553999939, 0.0 ], [ 112.670332540000118, -7.221171286999947, 0.0 ], [ 112.672732841000084, -7.222440034999977, 0.0 ], [ 112.675732252000103, -7.223759199999961, 0.0 ], [ 112.676787415000035, -7.224051978999967, 0.0 ], [ 112.677424772000109, -7.224083128999951, 0.0 ], [ 112.677467487000058, -7.223972921999973, 0.0 ], [ 112.677343914000062, -7.222944646999963, 0.0 ], [ 112.677621779000106, -7.221637378999958, 0.0 ], [ 112.677784609000014, -7.221617640999966, 0.0 ], [ 112.677864621000026, -7.222526455999969, 0.0 ], [ 112.67811059600001, -7.222965751999936, 0.0 ], [ 112.678350245000047, -7.222988793999946, 0.0 ], [ 112.678741384000091, -7.221216984999955, 0.0 ], [ 112.679950269000074, -7.221392549999962, 0.0 ], [ 112.680167529000073, -7.22184032399997, 0.0 ], [ 112.680000878000101, -7.223647802999949, 0.0 ], [ 112.68198613900006, -7.224099824999939, 0.0 ], [ 112.682098053000118, -7.224563534999959, 0.0 ], [ 112.683964238000044, -7.224978293999925, 0.0 ], [ 112.684025192000036, -7.225168874999952, 0.0 ], [ 112.68504530000007, -7.225639899999976, 0.0 ], [ 112.685620048000033, -7.225589079999963, 0.0 ], [ 112.686298787000055, -7.22519318999997, 0.0 ], [ 112.686599244000035, -7.224803532999942, 0.0 ], [ 112.686531843000012, -7.224417972999959, 0.0 ], [ 112.686788905000071, -7.224291421999965, 0.0 ], [ 112.687877861000061, -7.224006288999931, 0.0 ], [ 112.688076142000114, -7.224179002999961, 0.0 ], [ 112.689231264000114, -7.223971373999973, 0.0 ], [ 112.689457779, -7.223683449999953, 0.0 ], [ 112.691422745000068, -7.22383167199996, 0.0 ], [ 112.691752963000113, -7.224051741999972, 0.0 ], [ 112.692710667000028, -7.223904646999927, 0.0 ], [ 112.694035145000043, -7.224144947999946, 0.0 ], [ 112.694262637000065, -7.224120178999954, 0.0 ], [ 112.69448313800001, -7.223826293999934, 0.0 ], [ 112.695674297000096, -7.22364842099995, 0.0 ], [ 112.698103206000042, -7.222939616999952, 0.0 ], [ 112.698863781000114, -7.22293080399993, 0.0 ], [ 112.699018824000063, -7.222750798999925, 0.0 ], [ 112.698951695, -7.222416117999956, 0.0 ], [ 112.700298112000041, -7.222118036999973, 0.0 ], [ 112.700311877000104, -7.220993573999976, 0.0 ], [ 112.703076071000055, -7.220265556999948, 0.0 ], [ 112.703308664000019, -7.22160441099993, 0.0 ], [ 112.705026789000044, -7.221412585999929, 0.0 ], [ 112.705454804000055, -7.222158598999954, 0.0 ], [ 112.705720872000029, -7.22283942699994, 0.0 ], [ 112.705787557, -7.224651389999963, 0.0 ], [ 112.706202304000044, -7.224921546999951, 0.0 ], [ 112.706146974000035, -7.226614193999978, 0.0 ], [ 112.706906678000109, -7.227338637999935, 0.0 ], [ 112.707140115000016, -7.228246828999943, 0.0 ], [ 112.70714078900005, -7.230476225999951, 0.0 ], [ 112.707614040000067, -7.230800527999975, 0.0 ], [ 112.708222838000097, -7.230585452999946, 0.0 ], [ 112.709306396000102, -7.230690170999935, 0.0 ], [ 112.710222779000105, -7.231742574999942, 0.0 ], [ 112.710287265000034, -7.232328032999931, 0.0 ], [ 112.709093065000047, -7.232508976999952, 0.0 ], [ 112.708446692000052, -7.233417517999953, 0.0 ], [ 112.707953282000062, -7.235991150999951, 0.0 ], [ 112.708006100000034, -7.236360475999959, 0.0 ], [ 112.708333093000078, -7.236659609999947, 0.0 ], [ 112.710470828000098, -7.235751448999963, 0.0 ], [ 112.711130498000102, -7.235979228999952, 0.0 ], [ 112.711310478000087, -7.237650200999951, 0.0 ], [ 112.711158917000034, -7.237958785999979, 0.0 ], [ 112.710385768000037, -7.238106363999975, 0.0 ], [ 112.70946931800006, -7.237483879999957, 0.0 ], [ 112.709154127000033, -7.237586574999966, 0.0 ], [ 112.709197087, -7.23787045399996, 0.0 ], [ 112.709597270000017, -7.238365371999976, 0.0 ], [ 112.709597038000084, -7.239098041999966, 0.0 ], [ 112.71026904200005, -7.240216936999957, 0.0 ], [ 112.710135428000058, -7.24087908599995, 0.0 ], [ 112.710411235000038, -7.240959416999942, 0.0 ], [ 112.711195820000057, -7.239997132999974, 0.0 ], [ 112.711554237000087, -7.240078481999944, 0.0 ], [ 112.711755151000034, -7.240468973999953, 0.0 ], [ 112.712342568000054, -7.240685614999961, 0.0 ], [ 112.71332570300001, -7.239148417999957, 0.0 ], [ 112.714011072000062, -7.239859163999938, 0.0 ], [ 112.713279912000075, -7.241187583999931, 0.0 ], [ 112.713558590000048, -7.241897238999968, 0.0 ], [ 112.713918995000085, -7.24217578799994, 0.0 ], [ 112.713866988000063, -7.242678376999947, 0.0 ], [ 112.714137163000032, -7.242849605999936, 0.0 ], [ 112.714754717, -7.242714474999957, 0.0 ], [ 112.715728335000108, -7.242967612999962, 0.0 ], [ 112.71693360300003, -7.24285317999994, 0.0 ], [ 112.717460566000113, -7.244073388999936, 0.0 ] ] ] } },
{ "type": "Feature", "properties": { "kecamatan": "Benowo" }, "geometry": { "type": "Polygon", "coordinates": [ [ [ 112.657886720000079, -7.238694009999961, 0.0 ], [ 112.65476938200004, -7.241193469999928, 0.0 ], [ 112.654437512000072, -7.242163603999927, 0.0 ], [ 112.655280027000117, -7.249822256999948, 0.0 ], [ 112.655108779000102, -7.250492756999961, 0.0 ], [ 112.655196631000081, -7.251586969999948, 0.0 ], [ 112.654629941000053, -7.25386182799997, 0.0 ], [ 112.654401133000079, -7.254256737999981, 0.0 ], [ 112.65464380100002, -7.254522814999973, 0.0 ], [ 112.654713553000079, -7.255445852999969, 0.0 ], [ 112.655470062000063, -7.254930506999926, 0.0 ], [ 112.655715264000037, -7.255052020999926, 0.0 ], [ 112.655984854000053, -7.254920495999954, 0.0 ], [ 112.656905434, -7.255270523999968, 0.0 ], [ 112.656883732000097, -7.255522467999981, 0.0 ], [ 112.65732807400002, -7.255680468999969, 0.0 ], [ 112.65721303700002, -7.255933812999956, 0.0 ], [ 112.657759507000037, -7.256320585999958, 0.0 ], [ 112.658344682, -7.255730036999978, 0.0 ], [ 112.659944453000094, -7.255977667999957, 0.0 ], [ 112.659316723000074, -7.259404812999946, 0.0 ], [ 112.65952436200007, -7.259442203999981, 0.0 ], [ 112.659736339, -7.260153896999952, 0.0 ], [ 112.659707612000034, -7.260261220999951, 0.0 ], [ 112.659073855000088, -7.260246993999942, 0.0 ], [ 112.658710746000111, -7.260922505999929, 0.0 ], [ 112.658942144000093, -7.261956377999979, 0.0 ], [ 112.659439235000036, -7.261942598999951, 0.0 ], [ 112.659408869000117, -7.262603665999961, 0.0 ], [ 112.657730684000057, -7.263168973999939, 0.0 ], [ 112.657270155000106, -7.26317587099993, 0.0 ], [ 112.655963215000043, -7.264088473999948, 0.0 ], [ 112.655261444000075, -7.264072751999947, 0.0 ], [ 112.654864403000033, -7.265567067999939, 0.0 ], [ 112.651861222000093, -7.264415410999959, 0.0 ], [ 112.651437277000014, -7.263981421999972, 0.0 ], [ 112.651511034, -7.263686921999977, 0.0 ], [ 112.651290888000062, -7.263259443999971, 0.0 ], [ 112.652003652000076, -7.261615650999943, 0.0 ], [ 112.652276638000103, -7.261576376999926, 0.0 ], [ 112.652498265000077, -7.260594678999951, 0.0 ], [ 112.652299519000053, -7.259968587999936, 0.0 ], [ 112.652676802000087, -7.259622705999959, 0.0 ], [ 112.652430663000018, -7.259140333999937, 0.0 ], [ 112.652502520000098, -7.258824778999951, 0.0 ], [ 112.652941920000103, -7.259069091999947, 0.0 ], [ 112.653052159000026, -7.258749302999945, 0.0 ], [ 112.652604235000013, -7.25854325399996, 0.0 ], [ 112.652870932000042, -7.25804786599997, 0.0 ], [ 112.652356992000023, -7.258088157999964, 0.0 ], [ 112.651516872000116, -7.258546749999937, 0.0 ], [ 112.651052717000084, -7.258394126999974, 0.0 ], [ 112.65088237100008, -7.257999996999956, 0.0 ], [ 112.649431219, -7.258315403999973, 0.0 ], [ 112.64923464900005, -7.258501216999946, 0.0 ], [ 112.646489511000027, -7.258135476999939, 0.0 ], [ 112.646036065000089, -7.259460226999977, 0.0 ], [ 112.645326461000082, -7.259227826999961, 0.0 ], [ 112.64497476400004, -7.260138737999966, 0.0 ], [ 112.642417253000076, -7.259502042999941, 0.0 ], [ 112.64052529300011, -7.25945358499996, 0.0 ], [ 112.638680942000065, -7.258905254999945, 0.0 ], [ 112.638583039000082, -7.259066617999963, 0.0 ], [ 112.638316207000116, -7.259054653999954, 0.0 ], [ 112.638245427000015, -7.259283631999949, 0.0 ], [ 112.637986886000022, -7.259215876999974, 0.0 ], [ 112.637750923000112, -7.259734220999974, 0.0 ], [ 112.637286768000081, -7.259912935999978, 0.0 ], [ 112.63686640200001, -7.262056783999981, 0.0 ], [ 112.636567133000085, -7.262322322999978, 0.0 ], [ 112.636383294000098, -7.263494084999934, 0.0 ], [ 112.636025233000055, -7.263475096999969, 0.0 ], [ 112.63545681700009, -7.263899333999973, 0.0 ], [ 112.633008346000111, -7.263994627999978, 0.0 ], [ 112.632884844000046, -7.26354035199995, 0.0 ], [ 112.632079280000085, -7.263345600999969, 0.0 ], [ 112.63156187300001, -7.26285941499998, 0.0 ], [ 112.63105774600001, -7.262770721999971, 0.0 ], [ 112.63114444200005, -7.261737732999961, 0.0 ], [ 112.631326065000053, -7.261778855999978, 0.0 ], [ 112.631471168000076, -7.261042414999963, 0.0 ], [ 112.631052269000065, -7.260689335999928, 0.0 ], [ 112.631058745000018, -7.260243254999978, 0.0 ], [ 112.631243433, -7.260227175999944, 0.0 ], [ 112.632289339000067, -7.258742228999949, 0.0 ], [ 112.63045898900009, -7.253682082999944, 0.0 ], [ 112.631761063000113, -7.250383392999936, 0.0 ], [ 112.632751435000046, -7.249226311999962, 0.0 ], [ 112.633343586000024, -7.249006841999972, 0.0 ], [ 112.633729482000035, -7.248388202999934, 0.0 ], [ 112.633325243000058, -7.248209280999959, 0.0 ], [ 112.633606005000047, -7.247764219999965, 0.0 ], [ 112.633182663000071, -7.247510151999961, 0.0 ], [ 112.633343509000042, -7.24699001099998, 0.0 ], [ 112.632605092000063, -7.246735741999942, 0.0 ], [ 112.632733543000086, -7.246110417999944, 0.0 ], [ 112.633145055000114, -7.245770576999973, 0.0 ], [ 112.632856063000077, -7.245355330999928, 0.0 ], [ 112.633447984000099, -7.244068464999941, 0.0 ], [ 112.631777170000078, -7.243141406999939, 0.0 ], [ 112.632862460000069, -7.241142214999968, 0.0 ], [ 112.633337451000102, -7.239924660999975, 0.0 ], [ 112.633641459000046, -7.239646532999927, 0.0 ], [ 112.632313765000049, -7.23819429699995, 0.0 ], [ 112.632830689000116, -7.236039244999972, 0.0 ], [ 112.633438726, -7.234873835999963, 0.0 ], [ 112.633005596000089, -7.234710809999967, 0.0 ], [ 112.633599058000073, -7.233854578999967, 0.0 ], [ 112.633357471000068, -7.232628121999937, 0.0 ], [ 112.633397574000014, -7.23178822999995, 0.0 ], [ 112.633860685000059, -7.230659728999967, 0.0 ], [ 112.634007626000084, -7.229508137999971, 0.0 ], [ 112.634341641000105, -7.228497627999957, 0.0 ], [ 112.634365407000018, -7.226959313999942, 0.0 ], [ 112.634743381000021, -7.226292746999945, 0.0 ], [ 112.635168432000114, -7.22484140399996, 0.0 ], [ 112.632703965000019, -7.223156271999926, 0.0 ], [ 112.633400429000062, -7.222579699999926, 0.0 ], [ 112.633979900000099, -7.221322444999942, 0.0 ], [ 112.634803033000026, -7.22053098899994, 0.0 ], [ 112.634430806000069, -7.220573869999953, 0.0 ], [ 112.633857294000109, -7.220345339999938, 0.0 ], [ 112.633224791000089, -7.221437755999943, 0.0 ], [ 112.632505908000098, -7.221385400999964, 0.0 ], [ 112.631586629000026, -7.221021373999974, 0.0 ], [ 112.631231916000047, -7.221210955999936, 0.0 ], [ 112.63024173000008, -7.221161968999979, 0.0 ], [ 112.62942505500007, -7.221845, 0.0 ], [ 112.629262937000021, -7.223131334999948, 0.0 ], [ 112.62818053400008, -7.222691020999946, 0.0 ], [ 112.627520306000065, -7.223884731999931, 0.0 ], [ 112.626762235000115, -7.223649760999933, 0.0 ], [ 112.627227696000091, -7.222212923999962, 0.0 ], [ 112.62697309400005, -7.220082267999942, 0.0 ], [ 112.625956709000093, -7.219369792999942, 0.0 ], [ 112.626027281, -7.218200063999973, 0.0 ], [ 112.626217256000018, -7.217206560999955, 0.0 ], [ 112.626639993000026, -7.216726360999928, 0.0 ], [ 112.627905371000111, -7.213637871999936, 0.0 ], [ 112.627776752000045, -7.213539517999948, 0.0 ], [ 112.627791235000018, -7.212389787999939, 0.0 ], [ 112.62769439300007, -7.211886396999944, 0.0 ], [ 112.626506856000105, -7.211891983999976, 0.0 ], [ 112.62539136700002, -7.211332729999981, 0.0 ], [ 112.625402634000011, -7.210368159999973, 0.0 ], [ 112.625647442000059, -7.209675871999934, 0.0 ], [ 112.624551494000116, -7.208313206999946, 0.0 ], [ 112.624301008000089, -7.207730443999935, 0.0 ], [ 112.625313855000059, -7.205939735999948, 0.0 ], [ 112.62535485300009, -7.205142184999943, 0.0 ], [ 112.62583053000003, -7.203312334999964, 0.0 ], [ 112.62571291900008, -7.203181406999931, 0.0 ], [ 112.625845415000072, -7.202850776999981, 0.0 ], [ 112.625735778000035, -7.201595508999958, 0.0 ], [ 112.625507627000047, -7.201166633999946, 0.0 ], [ 112.625079330000062, -7.20090689999995, 0.0 ], [ 112.624132711000016, -7.200737811999943, 0.0 ], [ 112.622931527000105, -7.201812023999935, 0.0 ], [ 112.622142431000043, -7.201887448999969, 0.0 ], [ 112.621714137000026, -7.201729629999932, 0.0 ], [ 112.621543603000077, -7.20146897799998, 0.0 ], [ 112.62152935000006, -7.201012717999959, 0.0 ], [ 112.623877556000025, -7.198993824999945, 0.0 ], [ 112.62515034, -7.197329760999935, 0.0 ], [ 112.626724618000026, -7.196347340999978, 0.0 ], [ 112.630455795000103, -7.195090310999944, 0.0 ], [ 112.631851178000034, -7.195008127999927, 0.0 ], [ 112.633440162000056, -7.19514253899996, 0.0 ], [ 112.634801094000068, -7.194973224999956, 0.0 ], [ 112.639208308000093, -7.192710215999966, 0.0 ], [ 112.640060959000039, -7.19245069599998, 0.0 ], [ 112.641870517000029, -7.192762088999928, 0.0 ], [ 112.645266197000069, -7.19461380599995, 0.0 ], [ 112.647586320000073, -7.19524701399996, 0.0 ], [ 112.651074347000076, -7.194459251999945, 0.0 ], [ 112.65707916000008, -7.193686226999944, 0.0 ], [ 112.659797031000039, -7.19313455799994, 0.0 ], [ 112.663213497000015, -7.193248417999939, 0.0 ], [ 112.663216623000039, -7.193514069999935, 0.0 ], [ 112.663716421000117, -7.193754200999933, 0.0 ], [ 112.663959015000046, -7.194356398999957, 0.0 ], [ 112.663788528000055, -7.195716428999958, 0.0 ], [ 112.664104793000092, -7.19713358599995, 0.0 ], [ 112.665238347000013, -7.198807658999954, 0.0 ], [ 112.664792200000079, -7.199041399999942, 0.0 ], [ 112.664569200000074, -7.198867399999926, 0.0 ], [ 112.664337, -7.199014899999952, 0.0 ], [ 112.662074033000067, -7.20101121099998, 0.0 ], [ 112.661847985, -7.201739325999938, 0.0 ], [ 112.662314359000106, -7.202077208999981, 0.0 ], [ 112.662442850000048, -7.203105135999976, 0.0 ], [ 112.66189677300008, -7.203577712999959, 0.0 ], [ 112.661729448000074, -7.203398523999965, 0.0 ], [ 112.660878790000083, -7.20348477899995, 0.0 ], [ 112.660863919, -7.205144452999946, 0.0 ], [ 112.66077766300009, -7.205465680999964, 0.0 ], [ 112.660343412000088, -7.205938597999932, 0.0 ], [ 112.660060851000026, -7.207119405999947, 0.0 ], [ 112.66012331200011, -7.207871909999938, 0.0 ], [ 112.660462229000018, -7.207869240999969, 0.0 ], [ 112.660733048000111, -7.20767263099998, 0.0 ], [ 112.661577757000032, -7.208011703999944, 0.0 ], [ 112.661304119000079, -7.208136625999941, 0.0 ], [ 112.661095793000072, -7.208488539999962, 0.0 ], [ 112.661729448000074, -7.209213331999933, 0.0 ], [ 112.662006060000067, -7.209220721999941, 0.0 ], [ 112.661895767000033, -7.209394884999938, 0.0 ], [ 112.66228697400004, -7.210135283999932, 0.0 ], [ 112.662808159000065, -7.209846298999935, 0.0 ], [ 112.667748782000103, -7.204697955999961, 0.0 ], [ 112.667567518000055, -7.204455478999932, 0.0 ], [ 112.667515139000102, -7.203888669999969, 0.0 ], [ 112.667568356000061, -7.202718588999971, 0.0 ], [ 112.670246374000044, -7.200046072999953, 0.0 ], [ 112.671155103000046, -7.200925551999944, 0.0 ], [ 112.676451091000104, -7.195301039999947, 0.0 ], [ 112.676464289000023, -7.195140633999927, 0.0 ], [ 112.675844867000023, -7.194647577999945, 0.0 ], [ 112.675476050000043, -7.193978949999973, 0.0 ], [ 112.675247622000029, -7.193043820999947, 0.0 ], [ 112.675266657000066, -7.192346638999936, 0.0 ], [ 112.675592644000062, -7.191754153999966, 0.0 ], [ 112.676668160000077, -7.191197359999933, 0.0 ], [ 112.677457853000078, -7.19039173699997, 0.0 ], [ 112.679514887000096, -7.192164141999967, 0.0 ], [ 112.679806762000112, -7.192062591999957, 0.0 ], [ 112.68011901400007, -7.192291115999979, 0.0 ], [ 112.680471441, -7.193021895999948, 0.0 ], [ 112.68146475900005, -7.193453665999925, 0.0 ], [ 112.682216843000106, -7.194728439999949, 0.0 ], [ 112.682315269000014, -7.19543622599997, 0.0 ], [ 112.682172581000032, -7.195719052999948, 0.0 ], [ 112.682492202000049, -7.196646125999962, 0.0 ], [ 112.681430345000081, -7.19842039599996, 0.0 ], [ 112.68076683400011, -7.199083132999931, 0.0 ], [ 112.680211488000054, -7.199195221999958, 0.0 ], [ 112.678202693000117, -7.197523131999958, 0.0 ], [ 112.67724734300009, -7.196995520999963, 0.0 ], [ 112.676656982000054, -7.196182832999966, 0.0 ], [ 112.674459572000046, -7.19859523599996, 0.0 ], [ 112.672546811000075, -7.200245809999956, 0.0 ], [ 112.66913179900007, -7.203796645999944, 0.0 ], [ 112.669997365000086, -7.20466192899994, 0.0 ], [ 112.669962457000111, -7.204941967999957, 0.0 ], [ 112.669146130000058, -7.205748796999956, 0.0 ], [ 112.668186823000042, -7.204797726999971, 0.0 ], [ 112.668057963000024, -7.204934564999974, 0.0 ], [ 112.667881285000021, -7.204799269999967, 0.0 ], [ 112.662765702000115, -7.210028275999946, 0.0 ], [ 112.66286341600005, -7.210218117999943, 0.0 ], [ 112.662379559000101, -7.210560796999971, 0.0 ], [ 112.662000614000021, -7.211096878999967, 0.0 ], [ 112.662224776000016, -7.211472868999977, 0.0 ], [ 112.662719873000015, -7.211255749999964, 0.0 ], [ 112.663601023000069, -7.212303740999971, 0.0 ], [ 112.664257500000076, -7.213478899999927, 0.0 ], [ 112.665003923000086, -7.214337440999941, 0.0 ], [ 112.665365601000076, -7.215246395999941, 0.0 ], [ 112.666046127000072, -7.216041135999944, 0.0 ], [ 112.666003297000088, -7.216483714999981, 0.0 ], [ 112.666300317000037, -7.217114654999932, 0.0 ], [ 112.667282450000016, -7.216763174999926, 0.0 ], [ 112.668853724000087, -7.219018749999975, 0.0 ], [ 112.668071089000023, -7.219873306999943, 0.0 ], [ 112.668365784000116, -7.220196972999929, 0.0 ], [ 112.667838652000114, -7.220494707999933, 0.0 ], [ 112.666718954000089, -7.222345154999971, 0.0 ], [ 112.665911945000062, -7.222760792999964, 0.0 ], [ 112.665486875000056, -7.222804211999971, 0.0 ], [ 112.664440179000053, -7.222140898999953, 0.0 ], [ 112.663903031000018, -7.222547727999938, 0.0 ], [ 112.663716040000054, -7.223337003999973, 0.0 ], [ 112.664144829000065, -7.22431034799996, 0.0 ], [ 112.664014535000092, -7.224711549999938, 0.0 ], [ 112.663632525000025, -7.225065823999955, 0.0 ], [ 112.663816355000108, -7.226321948999953, 0.0 ], [ 112.663545959000089, -7.227609375999975, 0.0 ], [ 112.663169931000084, -7.22795036499997, 0.0 ], [ 112.662133986000072, -7.228001992999964, 0.0 ], [ 112.661375157000066, -7.228495201999976, 0.0 ], [ 112.661226055000043, -7.229729787999929, 0.0 ], [ 112.661610070000052, -7.230497989999947, 0.0 ], [ 112.662558985000032, -7.231212252999967, 0.0 ], [ 112.66270006700006, -7.231579398999941, 0.0 ], [ 112.662672413000109, -7.23274896199996, 0.0 ], [ 112.662177980000024, -7.233480451999981, 0.0 ], [ 112.662280956000018, -7.233797070999969, 0.0 ], [ 112.66285128800007, -7.234165811999958, 0.0 ], [ 112.662918133000062, -7.234428732999959, 0.0 ], [ 112.662937479000107, -7.234805466999944, 0.0 ], [ 112.662657444000047, -7.235300146999975, 0.0 ], [ 112.662588059000086, -7.235883326999954, 0.0 ], [ 112.662367004000089, -7.236033661999954, 0.0 ], [ 112.661377575000074, -7.235708315999943, 0.0 ], [ 112.660444216000087, -7.235974884999962, 0.0 ], [ 112.660274123000022, -7.236412517999952, 0.0 ], [ 112.660785244000067, -7.236966888999973, 0.0 ], [ 112.660811016000025, -7.237463220999928, 0.0 ], [ 112.660577764000095, -7.237553786999968, 0.0 ], [ 112.660222975000011, -7.237166313999978, 0.0 ], [ 112.659816515000102, -7.237389094999969, 0.0 ], [ 112.65917192500001, -7.238265703999957, 0.0 ], [ 112.659369885000046, -7.238989757999946, 0.0 ], [ 112.659193247000076, -7.239297179999937, 0.0 ], [ 112.658315716000061, -7.239113767999982, 0.0 ], [ 112.657886720000079, -7.238694009999961, 0.0 ] ] ] } },
{ "type": "Feature", "properties": { "kecamatan": "Bubutan" }, "geometry": { "type": "Polygon", "coordinates": [ [ [ 112.729790422000065, -7.243275006999966, 0.0 ], [ 112.738244594000093, -7.245104005999963, 0.0 ], [ 112.739222, -7.245095484999979, 0.0 ], [ 112.74010286400005, -7.244900729999927, 0.0 ], [ 112.741698186, -7.244224777999932, 0.0 ], [ 112.742621203000112, -7.244099779999942, 0.0 ], [ 112.743047350000097, -7.24525009599995, 0.0 ], [ 112.742927848000022, -7.245946717999971, 0.0 ], [ 112.741587422000066, -7.248834022999972, 0.0 ], [ 112.740491424000083, -7.249778400999958, 0.0 ], [ 112.737895208000054, -7.251218939999944, 0.0 ], [ 112.737351457000045, -7.251863355999944, 0.0 ], [ 112.737170622, -7.25249920899995, 0.0 ], [ 112.737642337000011, -7.253685189999942, 0.0 ], [ 112.737714911000012, -7.254804516999968, 0.0 ], [ 112.738201956000012, -7.255594081999959, 0.0 ], [ 112.739601801000049, -7.255784891999951, 0.0 ], [ 112.742710163000083, -7.25582163699994, 0.0 ], [ 112.742664979000097, -7.256155915999955, 0.0 ], [ 112.738776014000109, -7.256045864999976, 0.0 ], [ 112.736948745000063, -7.255755372999943, 0.0 ], [ 112.735587020000025, -7.255910297999947, 0.0 ], [ 112.734274881000033, -7.255786718999957, 0.0 ], [ 112.733966495000118, -7.256030879999969, 0.0 ], [ 112.73206036900001, -7.255875500999935, 0.0 ], [ 112.730968260000054, -7.25630068199996, 0.0 ], [ 112.729818770000065, -7.256038109999963, 0.0 ], [ 112.728942931, -7.256070462999958, 0.0 ], [ 112.726103529000056, -7.255741268999941, 0.0 ], [ 112.72590462200003, -7.256930376999946, 0.0 ], [ 112.725249169000108, -7.257091945999946, 0.0 ], [ 112.718832119000012, -7.256080984999926, 0.0 ], [ 112.7163274830001, -7.255204823999975, 0.0 ], [ 112.715523767000036, -7.255217678999941, 0.0 ], [ 112.715572920000113, -7.254907387999936, 0.0 ], [ 112.715111508000064, -7.25488052299994, 0.0 ], [ 112.715847364000069, -7.252151015999971, 0.0 ], [ 112.715705222000111, -7.250169734999929, 0.0 ], [ 112.716749818000039, -7.247653829999933, 0.0 ], [ 112.717266444000074, -7.246874316999936, 0.0 ], [ 112.717706241000087, -7.247097825999958, 0.0 ], [ 112.720877449000113, -7.24716047499993, 0.0 ], [ 112.720939575000102, -7.245066028999929, 0.0 ], [ 112.720427259000076, -7.23732683399993, 0.0 ], [ 112.720583720000036, -7.236131984999929, 0.0 ], [ 112.726454068000066, -7.237889980999967, 0.0 ], [ 112.72628885000006, -7.239108902999931, 0.0 ], [ 112.726682822000043, -7.24065285699993, 0.0 ], [ 112.727591315000041, -7.242051312999934, 0.0 ], [ 112.728509286000076, -7.242791840999928, 0.0 ], [ 112.729790422000065, -7.243275006999966, 0.0 ] ] ] } },
{ "type": "Feature", "properties": { "kecamatan": "Bulak" }, "geometry": { "type": "Polygon", "coordinates": [ [ [ 112.79610858500007, -7.238300268999978, 0.0 ], [ 112.796932020000099, -7.238649558999953, 0.0 ], [ 112.797181900000055, -7.239769319999937, 0.0 ], [ 112.797404760000063, -7.240002683999933, 0.0 ], [ 112.797526726000115, -7.240502911999954, 0.0 ], [ 112.797718, -7.240456742999982, 0.0 ], [ 112.797693083000013, -7.240250566999975, 0.0 ], [ 112.798088171000018, -7.240431662999981, 0.0 ], [ 112.798798548000036, -7.240323689999968, 0.0 ], [ 112.798577716000068, -7.240467327999966, 0.0 ], [ 112.798718423000082, -7.240643578999936, 0.0 ], [ 112.798581136000053, -7.240735429999972, 0.0 ], [ 112.799049672000024, -7.240823859999978, 0.0 ], [ 112.799005334000071, -7.241096114999948, 0.0 ], [ 112.79924375500002, -7.241331603999981, 0.0 ], [ 112.799268672000039, -7.241798673999938, 0.0 ], [ 112.799638029000107, -7.24172441199994, 0.0 ], [ 112.799553018000097, -7.241890035999972, 0.0 ], [ 112.799679557000104, -7.242118685999969, 0.0 ], [ 112.799445045000084, -7.242181221999942, 0.0 ], [ 112.799486084000023, -7.24230287599994, 0.0 ], [ 112.799815379000052, -7.242221284999971, 0.0 ], [ 112.799839318000068, -7.242343914999935, 0.0 ], [ 112.799579889000029, -7.242395214999931, 0.0 ], [ 112.79959747800001, -7.242560838999964, 0.0 ], [ 112.800357742000074, -7.242544463999934, 0.0 ], [ 112.800997109000036, -7.242277288999958, 0.0 ], [ 112.801035331000094, -7.242673697999976, 0.0 ], [ 112.801291340000034, -7.24265070499996, 0.0 ], [ 112.801212925000073, -7.241829636999967, 0.0 ], [ 112.801316990000032, -7.24266068999998, 0.0 ], [ 112.801458430000025, -7.24278527499996, 0.0 ], [ 112.800942777000046, -7.242976271999964, 0.0 ], [ 112.800909579000063, -7.24311851799996, 0.0 ], [ 112.801165124000022, -7.243685451999966, 0.0 ], [ 112.801044370000113, -7.243828853999958, 0.0 ], [ 112.801146969000115, -7.244342582999934, 0.0 ], [ 112.801359496000032, -7.24440487499993, 0.0 ], [ 112.801158694000037, -7.244473029999938, 0.0 ], [ 112.80134777, -7.24495597899994, 0.0 ], [ 112.801907668000013, -7.244821866999928, 0.0 ], [ 112.802011737000043, -7.24527795299997, 0.0 ], [ 112.80183398600002, -7.244879334999951, 0.0 ], [ 112.801340044000085, -7.244994636999934, 0.0 ], [ 112.801502438000057, -7.245972439999946, 0.0 ], [ 112.80202436400009, -7.245918171999961, 0.0 ], [ 112.802024662, -7.245468045999928, 0.0 ], [ 112.802167515000065, -7.245910354999978, 0.0 ], [ 112.801528089000044, -7.246055078999973, 0.0 ], [ 112.801672094000082, -7.246659436999948, 0.0 ], [ 112.802056088000086, -7.246523190999937, 0.0 ], [ 112.802588382000067, -7.24663409599998, 0.0 ], [ 112.802778943000021, -7.247297016999937, 0.0 ], [ 112.803347498000107, -7.248037688999943, 0.0 ], [ 112.803183730000114, -7.248577164999972, 0.0 ], [ 112.802925126000105, -7.248807971999952, 0.0 ], [ 112.803163547000054, -7.248884676999978, 0.0 ], [ 112.803931575000092, -7.249702660999958, 0.0 ], [ 112.804025756000101, -7.25146512699996, 0.0 ], [ 112.804064230000108, -7.250035581999953, 0.0 ], [ 112.804508394000095, -7.249455324999929, 0.0 ], [ 112.805289980000111, -7.24933957199994, 0.0 ], [ 112.805528743000082, -7.249803905999954, 0.0 ], [ 112.806054087, -7.25011109899998, 0.0 ], [ 112.806356003000019, -7.250497438999957, 0.0 ], [ 112.806700659000057, -7.251427778999926, 0.0 ], [ 112.806590415000073, -7.251780748999977, 0.0 ], [ 112.806797418000087, -7.251552084999958, 0.0 ], [ 112.807491322000033, -7.251333809999949, 0.0 ], [ 112.808516782000083, -7.251879188999965, 0.0 ], [ 112.808781371, -7.251764825999942, 0.0 ], [ 112.809055235000073, -7.252161214999944, 0.0 ], [ 112.809598016000109, -7.252491409999948, 0.0 ], [ 112.810128555, -7.252548915999967, 0.0 ], [ 112.810183840000036, -7.253648369999951, 0.0 ], [ 112.811001324000017, -7.25277875699993, 0.0 ], [ 112.811091605000115, -7.251906058999964, 0.0 ], [ 112.812297564, -7.252351362999946, 0.0 ], [ 112.812530759000083, -7.252802790999965, 0.0 ], [ 112.812833459000103, -7.254334392999965, 0.0 ], [ 112.812673219000089, -7.255011942999943, 0.0 ], [ 112.812877779000019, -7.254822372999968, 0.0 ], [ 112.813125022, -7.25369415199998, 0.0 ], [ 112.813396802000057, -7.253200029999959, 0.0 ], [ 112.813525096000035, -7.252276902999938, 0.0 ], [ 112.814840201000038, -7.251080551999962, 0.0 ], [ 112.815675258000056, -7.250624994999953, 0.0 ], [ 112.815945401000022, -7.250265934999959, 0.0 ], [ 112.81606182500002, -7.252602014999979, 0.0 ], [ 112.814307677000102, -7.253809426999965, 0.0 ], [ 112.812905329000046, -7.255379538999932, 0.0 ], [ 112.81257439, -7.255294739999954, 0.0 ], [ 112.81252857000004, -7.254620315999944, 0.0 ], [ 112.812341025000023, -7.25444882499994, 0.0 ], [ 112.811693121000076, -7.25417869499995, 0.0 ], [ 112.810730204000038, -7.254211242999929, 0.0 ], [ 112.806771573000105, -7.255614433999938, 0.0 ], [ 112.806550525000034, -7.255823904999943, 0.0 ], [ 112.803970743000036, -7.255307869999967, 0.0 ], [ 112.791821956000035, -7.251924368999937, 0.0 ], [ 112.791971029000024, -7.251352385999951, 0.0 ], [ 112.791495538000049, -7.251250717999937, 0.0 ], [ 112.791537887000118, -7.250997208999934, 0.0 ], [ 112.792584880000049, -7.251192076999928, 0.0 ], [ 112.792805717000078, -7.248271085999932, 0.0 ], [ 112.787347086000068, -7.247620292999954, 0.0 ], [ 112.782832487000064, -7.247352507999949, 0.0 ], [ 112.783185185000093, -7.244197225999926, 0.0 ], [ 112.783604807000074, -7.242468368999937, 0.0 ], [ 112.783496854000077, -7.238162720999981, 0.0 ], [ 112.783995308000044, -7.235155549999945, 0.0 ], [ 112.781440031000102, -7.23485865899994, 0.0 ], [ 112.781160839000108, -7.235718316999964, 0.0 ], [ 112.780410343000085, -7.235738655999967, 0.0 ], [ 112.779977808000012, -7.235205854999947, 0.0 ], [ 112.780338128000039, -7.234755308999979, 0.0 ], [ 112.780326986000091, -7.234527730999957, 0.0 ], [ 112.779911489000028, -7.233777561999943, 0.0 ], [ 112.779610107000053, -7.233725149999941, 0.0 ], [ 112.779862592000086, -7.233081553999966, 0.0 ], [ 112.779508251000038, -7.233022831999961, 0.0 ], [ 112.77930729600007, -7.233629694999934, 0.0 ], [ 112.779136921000031, -7.233653562999962, 0.0 ], [ 112.777983884000037, -7.233094065999978, 0.0 ], [ 112.777482538000072, -7.234129959999962, 0.0 ], [ 112.777843195000059, -7.234518521999973, 0.0 ], [ 112.777556128000015, -7.235214519999943, 0.0 ], [ 112.77725406400009, -7.235158283999965, 0.0 ], [ 112.777186921000066, -7.235387241999945, 0.0 ], [ 112.776369407000061, -7.235210012999971, 0.0 ], [ 112.775410763000082, -7.236715665999952, 0.0 ], [ 112.774630785000113, -7.23696750199997, 0.0 ], [ 112.77442416800011, -7.236815202999935, 0.0 ], [ 112.773936652000089, -7.237118527999939, 0.0 ], [ 112.772998237000024, -7.236171180999975, 0.0 ], [ 112.771536515000093, -7.236066229999949, 0.0 ], [ 112.77060093800003, -7.235735060999957, 0.0 ], [ 112.771380425000075, -7.233078357999943, 0.0 ], [ 112.772674256000073, -7.233230860999981, 0.0 ], [ 112.773050599000044, -7.232302583999967, 0.0 ], [ 112.774994345000096, -7.23222412299998, 0.0 ], [ 112.775578456000062, -7.229781961999947, 0.0 ], [ 112.776478290000114, -7.230054274999929, 0.0 ], [ 112.776516004000086, -7.229929675999927, 0.0 ], [ 112.776700438000034, -7.229977470999927, 0.0 ], [ 112.776785, -7.229668, 0.0 ], [ 112.777514276000034, -7.22972428199995, 0.0 ], [ 112.777501301000029, -7.229279729999973, 0.0 ], [ 112.778045800000086, -7.229015876999938, 0.0 ], [ 112.780029861000116, -7.229358358999946, 0.0 ], [ 112.780182867, -7.22933977699995, 0.0 ], [ 112.78045106400009, -7.22884415599998, 0.0 ], [ 112.781135931000108, -7.228976362999958, 0.0 ], [ 112.781191251000109, -7.229802165999956, 0.0 ], [ 112.78141275400003, -7.229930653999929, 0.0 ], [ 112.781319676000066, -7.230427175999978, 0.0 ], [ 112.783547101000067, -7.23070488299993, 0.0 ], [ 112.783553610000013, -7.231447652999975, 0.0 ], [ 112.78367941700003, -7.231457925999962, 0.0 ], [ 112.783895358000109, -7.230949910999925, 0.0 ], [ 112.783752890000073, -7.230951674999972, 0.0 ], [ 112.783875778000038, -7.22962347899994, 0.0 ], [ 112.783722868000041, -7.228810707999969, 0.0 ], [ 112.784160897000106, -7.22841546799998, 0.0 ], [ 112.7843306420001, -7.227929030999974, 0.0 ], [ 112.783781001000079, -7.227854, 0.0 ], [ 112.783754508000015, -7.227581136999959, 0.0 ], [ 112.783451409, -7.227446793999945, 0.0 ], [ 112.783420565000029, -7.227222516999973, 0.0 ], [ 112.782685001, -7.227238000999932, 0.0 ], [ 112.782716185000027, -7.227045851999947, 0.0 ], [ 112.783385026000019, -7.226350391999972, 0.0 ], [ 112.78395892900005, -7.225293654999973, 0.0 ], [ 112.785543856000118, -7.225639839999928, 0.0 ], [ 112.785926236000023, -7.226172406999979, 0.0 ], [ 112.785894454000072, -7.226466784999957, 0.0 ], [ 112.786037029000113, -7.226533223999979, 0.0 ], [ 112.786249052000016, -7.226323199999968, 0.0 ], [ 112.78691449900009, -7.223424613999953, 0.0 ], [ 112.784350006000068, -7.223041430999956, 0.0 ], [ 112.78430667300006, -7.223231067999961, 0.0 ], [ 112.78408013, -7.223212529999955, 0.0 ], [ 112.78414069300004, -7.223750448999965, 0.0 ], [ 112.783896493000043, -7.224808232999976, 0.0 ], [ 112.783783266000114, -7.225277099999971, 0.0 ], [ 112.783400304000111, -7.226093624999976, 0.0 ], [ 112.782546293000109, -7.226884753999968, 0.0 ], [ 112.781931808000081, -7.226571376999971, 0.0 ], [ 112.782311673000095, -7.225699108999947, 0.0 ], [ 112.783419017000028, -7.225978723999958, 0.0 ], [ 112.78345411500004, -7.22564201199998, 0.0 ], [ 112.783703561000038, -7.225356578999936, 0.0 ], [ 112.784111153000026, -7.223768655999947, 0.0 ], [ 112.784055280000075, -7.223122763999982, 0.0 ], [ 112.784094914000093, -7.221670741999958, 0.0 ], [ 112.779876147000095, -7.220373866999978, 0.0 ], [ 112.780014220000112, -7.219857795999928, 0.0 ], [ 112.777476384000011, -7.218892465999943, 0.0 ], [ 112.776983733000066, -7.222100350999938, 0.0 ], [ 112.775585475000071, -7.22183671199997, 0.0 ], [ 112.775940953000031, -7.219929882999963, 0.0 ], [ 112.775405119000084, -7.219817138999929, 0.0 ], [ 112.775679831000048, -7.218391471999951, 0.0 ], [ 112.777254588, -7.218933172999925, 0.0 ], [ 112.777676184000029, -7.216771417999951, 0.0 ], [ 112.77833208800007, -7.215132443999948, 0.0 ], [ 112.780007830000045, -7.208702849999952, 0.0 ], [ 112.780319956000085, -7.209021488999952, 0.0 ], [ 112.780214912000019, -7.209859585999936, 0.0 ], [ 112.781683913000052, -7.210498012999949, 0.0 ], [ 112.781979533000026, -7.21078790699994, 0.0 ], [ 112.782548108000015, -7.213261644999932, 0.0 ], [ 112.784203618000106, -7.214703894999957, 0.0 ], [ 112.784835776000023, -7.217271600999936, 0.0 ], [ 112.785208906000094, -7.217503843999964, 0.0 ], [ 112.785488799000063, -7.21819764199995, 0.0 ], [ 112.787393895000037, -7.219339249999962, 0.0 ], [ 112.787406480000072, -7.220371860999933, 0.0 ], [ 112.787983682000117, -7.222238961999949, 0.0 ], [ 112.788677549000113, -7.225905699999942, 0.0 ], [ 112.790145450000068, -7.226357868999969, 0.0 ], [ 112.791270091000115, -7.227006359999962, 0.0 ], [ 112.792982763000055, -7.230763961999969, 0.0 ], [ 112.793976509000117, -7.23060346799997, 0.0 ], [ 112.794056756000032, -7.230987114999948, 0.0 ], [ 112.793939134000084, -7.231015695999929, 0.0 ], [ 112.793911598000022, -7.231494744999964, 0.0 ], [ 112.794013868000093, -7.231475089999947, 0.0 ], [ 112.794078688000013, -7.231876193999938, 0.0 ], [ 112.794247977000055, -7.231831122999949, 0.0 ], [ 112.794254572000114, -7.232320300999959, 0.0 ], [ 112.794660816000032, -7.232469924999975, 0.0 ], [ 112.794506184000056, -7.23278382899997, 0.0 ], [ 112.794636632000106, -7.232893756999943, 0.0 ], [ 112.794883603000017, -7.23278089799993, 0.0 ], [ 112.795793574000072, -7.235140112999943, 0.0 ], [ 112.795354087000078, -7.235293132999971, 0.0 ], [ 112.795326015000114, -7.235613412999953, 0.0 ], [ 112.796125610000104, -7.235719667999945, 0.0 ], [ 112.796121037000034, -7.23597226399994, 0.0 ], [ 112.795455608000111, -7.235939775999952, 0.0 ], [ 112.795426397000028, -7.23608325999993, 0.0 ], [ 112.795779502000073, -7.237319964999926, 0.0 ], [ 112.795955046000017, -7.23737164399995, 0.0 ], [ 112.796039812000117, -7.237960855999972, 0.0 ], [ 112.796266182000068, -7.237904181999966, 0.0 ], [ 112.795992592000061, -7.238086529999975, 0.0 ], [ 112.79610858500007, -7.238300268999978, 0.0 ] ], [ [ 112.784131922000029, -7.234791535999932, 0.0 ], [ 112.784830885000019, -7.234975667999947, 0.0 ], [ 112.785461592000047, -7.233317752999938, 0.0 ], [ 112.786056368000118, -7.233490055999937, 0.0 ], [ 112.78612763000001, -7.23333667199995, 0.0 ], [ 112.785944886000038, -7.233162753999977, 0.0 ], [ 112.785527990000105, -7.23314524999995, 0.0 ], [ 112.785746295000081, -7.232187968999938, 0.0 ], [ 112.785101173000044, -7.232033503999958, 0.0 ], [ 112.784131922000029, -7.234791535999932, 0.0 ] ] ] } },
{ "type": "Feature", "properties": { "kecamatan": "Dukuh Pakis" }, "geometry": { "type": "Polygon", "coordinates": [ [ [ 112.724947329000088, -7.292202522999958, 0.0 ], [ 112.724897999000063, -7.293521, 0.0 ], [ 112.724635, -7.293892, 0.0 ], [ 112.723593053000059, -7.294205187999978, 0.0 ], [ 112.723436073000016, -7.294616733999931, 0.0 ], [ 112.723156147000054, -7.294837976999929, 0.0 ], [ 112.722042584000064, -7.29496856399993, 0.0 ], [ 112.721133990000112, -7.295642285999975, 0.0 ], [ 112.72093881100011, -7.29595853099994, 0.0 ], [ 112.720735017000038, -7.298220547999961, 0.0 ], [ 112.721074119000036, -7.299169724999956, 0.0 ], [ 112.720035594000024, -7.306453245999933, 0.0 ], [ 112.719963, -7.30802495699993, 0.0 ], [ 112.7196315650001, -7.308043838999936, 0.0 ], [ 112.713576902000113, -7.307842493999942, 0.0 ], [ 112.71308164200002, -7.307038315999932, 0.0 ], [ 112.711268779000079, -7.30684708299998, 0.0 ], [ 112.709474875000069, -7.306992144999981, 0.0 ], [ 112.707404016000055, -7.306925636999949, 0.0 ], [ 112.707531551000102, -7.303348310999979, 0.0 ], [ 112.707004780000034, -7.301602881999941, 0.0 ], [ 112.706650001000071, -7.301817, 0.0 ], [ 112.706212, -7.301716000999932, 0.0 ], [ 112.706263, -7.302050243999929, 0.0 ], [ 112.70608613200011, -7.302334333999966, 0.0 ], [ 112.70552516500004, -7.302229222999927, 0.0 ], [ 112.705543426000077, -7.30168873599996, 0.0 ], [ 112.705267001000038, -7.301675000999978, 0.0 ], [ 112.705034752000074, -7.301163963999954, 0.0 ], [ 112.704482, -7.30083, 0.0 ], [ 112.704251121000084, -7.30169607299996, 0.0 ], [ 112.703275962000021, -7.301268977999939, 0.0 ], [ 112.701651310000102, -7.302547869999955, 0.0 ], [ 112.699861125000098, -7.302443506999964, 0.0 ], [ 112.695964906000086, -7.301245921999964, 0.0 ], [ 112.691202898000029, -7.299202209999976, 0.0 ], [ 112.689737014000116, -7.298938222999936, 0.0 ], [ 112.687294935000068, -7.29755546399997, 0.0 ], [ 112.68608241000004, -7.297051629999942, 0.0 ], [ 112.684939191000012, -7.297909718999961, 0.0 ], [ 112.683883995000087, -7.297985149999931, 0.0 ], [ 112.680989521000015, -7.296198243999982, 0.0 ], [ 112.680620769000029, -7.296238200999937, 0.0 ], [ 112.680553442000019, -7.296082712999976, 0.0 ], [ 112.679018636000023, -7.295667026999979, 0.0 ], [ 112.678033647, -7.295752069999935, 0.0 ], [ 112.676577638000026, -7.295622052999931, 0.0 ], [ 112.676845, -7.295295, 0.0 ], [ 112.676796185000057, -7.29465352699998, 0.0 ], [ 112.676281870000025, -7.29413511499996, 0.0 ], [ 112.67577949300005, -7.293997225999931, 0.0 ], [ 112.675766317000011, -7.293542644999945, 0.0 ], [ 112.676662209000028, -7.290286699999967, 0.0 ], [ 112.677181337000093, -7.289290111999946, 0.0 ], [ 112.678628073000027, -7.287842238999929, 0.0 ], [ 112.67761207500007, -7.287588639999967, 0.0 ], [ 112.677826572000072, -7.286083406999978, 0.0 ], [ 112.678444436000063, -7.283804060999955, 0.0 ], [ 112.67829765800002, -7.283749584999953, 0.0 ], [ 112.678662393000081, -7.282322514999976, 0.0 ], [ 112.678704216000028, -7.28142069699993, 0.0 ], [ 112.679092608000019, -7.28104882599996, 0.0 ], [ 112.679439110000089, -7.280173693999927, 0.0 ], [ 112.679717732000086, -7.280102357999965, 0.0 ], [ 112.679820515000074, -7.280473437999945, 0.0 ], [ 112.680456456000115, -7.279917386999955, 0.0 ], [ 112.680291599000043, -7.27938581899997, 0.0 ], [ 112.681581434, -7.278320248999933, 0.0 ], [ 112.681917868000028, -7.278705718999959, 0.0 ], [ 112.684161523000057, -7.276957245999938, 0.0 ], [ 112.683366359000047, -7.276075276999961, 0.0 ], [ 112.685380999000017, -7.276565285999936, 0.0 ], [ 112.687390974000095, -7.279096479999964, 0.0 ], [ 112.688553755000044, -7.27809037399993, 0.0 ], [ 112.688922818000037, -7.278562078999926, 0.0 ], [ 112.68983735200004, -7.277812967999978, 0.0 ], [ 112.690544448000082, -7.278610663999928, 0.0 ], [ 112.691048804000047, -7.278029468999932, 0.0 ], [ 112.695751651000023, -7.278559931999951, 0.0 ], [ 112.694776338000111, -7.279415924999967, 0.0 ], [ 112.694912013000021, -7.279508432999933, 0.0 ], [ 112.695911115000058, -7.278812023999933, 0.0 ], [ 112.697348010000042, -7.280678771999931, 0.0 ], [ 112.696690655000111, -7.281256634999977, 0.0 ], [ 112.696917592000091, -7.281452306999938, 0.0 ], [ 112.696563074000096, -7.281823234999933, 0.0 ], [ 112.696856935000028, -7.282195051999963, 0.0 ], [ 112.694377763000034, -7.284166385999981, 0.0 ], [ 112.69437783300009, -7.284330158999978, 0.0 ], [ 112.695029086000091, -7.284433147999948, 0.0 ], [ 112.695100558000036, -7.284625374999962, 0.0 ], [ 112.695007865000093, -7.285024260999933, 0.0 ], [ 112.69468706400005, -7.285180805999971, 0.0 ], [ 112.694444363000116, -7.286022726999931, 0.0 ], [ 112.694860295000012, -7.286186216999965, 0.0 ], [ 112.694502136000096, -7.28855561599994, 0.0 ], [ 112.694502716000102, -7.289895544999979, 0.0 ], [ 112.697803794000038, -7.29145045599995, 0.0 ], [ 112.700155657000096, -7.292352946999927, 0.0 ], [ 112.702796484000032, -7.293811212999969, 0.0 ], [ 112.703585661000034, -7.292803422999953, 0.0 ], [ 112.703722968000079, -7.292347618999941, 0.0 ], [ 112.70445867300009, -7.291919784999948, 0.0 ], [ 112.704563646000111, -7.291580960999966, 0.0 ], [ 112.705452937000018, -7.291023998999947, 0.0 ], [ 112.705915180000034, -7.289479591999964, 0.0 ], [ 112.706347142000027, -7.289604100999952, 0.0 ], [ 112.706426609, -7.289210642999933, 0.0 ], [ 112.706204753000065, -7.28872892399994, 0.0 ], [ 112.706267183000023, -7.288547503999951, 0.0 ], [ 112.706936150000047, -7.288649188999955, 0.0 ], [ 112.707827982000026, -7.285106418999931, 0.0 ], [ 112.707533498000089, -7.285261329999969, 0.0 ], [ 112.707133222000039, -7.285174031999929, 0.0 ], [ 112.707274341000016, -7.284506157999942, 0.0 ], [ 112.706886755000028, -7.284427998999945, 0.0 ], [ 112.707324626000059, -7.283689936999963, 0.0 ], [ 112.704768608000109, -7.283228145999942, 0.0 ], [ 112.703911739000091, -7.282273308999947, 0.0 ], [ 112.701271029000054, -7.284449613999925, 0.0 ], [ 112.700711604000048, -7.283595634999926, 0.0 ], [ 112.700428063000118, -7.283808272999977, 0.0 ], [ 112.700042414000109, -7.283317005999947, 0.0 ], [ 112.700312153000027, -7.283116976999963, 0.0 ], [ 112.699626079000041, -7.282394570999941, 0.0 ], [ 112.699980968000091, -7.282123146999936, 0.0 ], [ 112.699738095000043, -7.281896614999937, 0.0 ], [ 112.701540638000097, -7.280439877999981, 0.0 ], [ 112.7013260760001, -7.28017059299998, 0.0 ], [ 112.704574956000101, -7.277395600999967, 0.0 ], [ 112.704791510000064, -7.277661010999964, 0.0 ], [ 112.705065287000025, -7.277426079999941, 0.0 ], [ 112.70620277, -7.278912270999967, 0.0 ], [ 112.70657819500002, -7.279056493999974, 0.0 ], [ 112.706696011000076, -7.278714175999937, 0.0 ], [ 112.70744749500011, -7.27904201299998, 0.0 ], [ 112.707763549000106, -7.27818646999998, 0.0 ], [ 112.708067676000042, -7.278281506999974, 0.0 ], [ 112.70818746000009, -7.27692935999994, 0.0 ], [ 112.708101398000053, -7.275830151999969, 0.0 ], [ 112.709377225000026, -7.275609884999938, 0.0 ], [ 112.710010013000101, -7.275682855999946, 0.0 ], [ 112.709595898000089, -7.277277276999939, 0.0 ], [ 112.711870076000082, -7.277722412999935, 0.0 ], [ 112.712107277000086, -7.277933685999926, 0.0 ], [ 112.712061309000092, -7.278275664999967, 0.0 ], [ 112.711673287000053, -7.278760154999929, 0.0 ], [ 112.712315000000103, -7.279108, 0.0 ], [ 112.712775001000068, -7.279252001999964, 0.0 ], [ 112.713275999000075, -7.278754, 0.0 ], [ 112.714209, -7.27885, 0.0 ], [ 112.714468, -7.27864, 0.0 ], [ 112.71725, -7.279488, 0.0 ], [ 112.716366507000089, -7.282209596999962, 0.0 ], [ 112.715892001000043, -7.282074, 0.0 ], [ 112.71448263700006, -7.286140137999951, 0.0 ], [ 112.7134420000001, -7.290357, 0.0 ], [ 112.715868000000114, -7.291179, 0.0 ], [ 112.718364167000118, -7.291662281999947, 0.0 ], [ 112.724947329000088, -7.292202522999958, 0.0 ] ] ] } },
{ "type": "Feature", "properties": { "kecamatan": "Gayungan" }, "geometry": { "type": "Polygon", "coordinates": [ [ [ 112.736527561000116, -7.344977788999927, 0.0 ], [ 112.736312031000011, -7.346227581999926, 0.0 ], [ 112.733426180000038, -7.346590547999938, 0.0 ], [ 112.73315399, -7.348127113999965, 0.0 ], [ 112.729343877000019, -7.348234035999951, 0.0 ], [ 112.727451949000056, -7.348456322999937, 0.0 ], [ 112.725802925000039, -7.34833580399993, 0.0 ], [ 112.724536337000018, -7.347309779999932, 0.0 ], [ 112.724262518000046, -7.345860985999934, 0.0 ], [ 112.722485089000088, -7.345176581999965, 0.0 ], [ 112.719755411000051, -7.344409951999978, 0.0 ], [ 112.719976778000046, -7.34311146899995, 0.0 ], [ 112.715674266000065, -7.341887430999975, 0.0 ], [ 112.715987065000036, -7.339917681999964, 0.0 ], [ 112.717357721000099, -7.340276235999966, 0.0 ], [ 112.717858589000116, -7.338622456999929, 0.0 ], [ 112.716414999000108, -7.338273, 0.0 ], [ 112.716614001000039, -7.336988, 0.0 ], [ 112.717049, -7.33707, 0.0 ], [ 112.717226, -7.335366, 0.0 ], [ 112.718376105000061, -7.335571764999941, 0.0 ], [ 112.718688944000064, -7.333549791999928, 0.0 ], [ 112.718857075000074, -7.333553752999933, 0.0 ], [ 112.719291181000017, -7.328652388999956, 0.0 ], [ 112.718059136000079, -7.328516288999936, 0.0 ], [ 112.726373331000104, -7.317928826999946, 0.0 ], [ 112.723100396000063, -7.316743865999968, 0.0 ], [ 112.720377328000041, -7.315506806999963, 0.0 ], [ 112.72118892200001, -7.310290510999948, 0.0 ], [ 112.721120125000084, -7.308941802999925, 0.0 ], [ 112.72077270300008, -7.308943128999942, 0.0 ], [ 112.7206311650001, -7.307998925999925, 0.0 ], [ 112.722395453000104, -7.307831104999934, 0.0 ], [ 112.723384803000044, -7.307562722999933, 0.0 ], [ 112.72402421400011, -7.307634243999928, 0.0 ], [ 112.726013992000048, -7.308281081999951, 0.0 ], [ 112.727749456000083, -7.309250334999945, 0.0 ], [ 112.729901575000099, -7.310093488999939, 0.0 ], [ 112.730454769000062, -7.309746190999931, 0.0 ], [ 112.730967849000081, -7.309684341999969, 0.0 ], [ 112.735206929000014, -7.310573656999964, 0.0 ], [ 112.731866161000085, -7.326613874999964, 0.0 ], [ 112.729349407000086, -7.337309836999964, 0.0 ], [ 112.729370377, -7.339415820999932, 0.0 ], [ 112.729436246000091, -7.339588953999964, 0.0 ], [ 112.733236850000026, -7.339920825999968, 0.0 ], [ 112.733218862000058, -7.341056021999975, 0.0 ], [ 112.733391, -7.340939, 0.0 ], [ 112.736616, -7.342573001999938, 0.0 ], [ 112.736715999000012, -7.343069, 0.0 ], [ 112.736407825000015, -7.344200304999958, 0.0 ], [ 112.736578826000027, -7.344774885999925, 0.0 ], [ 112.736733204000075, -7.344816156999968, 0.0 ], [ 112.736527561000116, -7.344977788999927, 0.0 ] ] ] } },
{ "type": "Feature", "properties": { "kecamatan": "Genteng" }, "geometry": { "type": "Polygon", "coordinates": [ [ [ 112.750632794000012, -7.26423615899995, 0.0 ], [ 112.75059374600005, -7.266080668999962, 0.0 ], [ 112.749755, -7.267908, 0.0 ], [ 112.746104199000115, -7.271208256999955, 0.0 ], [ 112.744704090000027, -7.272664655999961, 0.0 ], [ 112.74433172900001, -7.272476935999975, 0.0 ], [ 112.743473517000098, -7.274013383999943, 0.0 ], [ 112.742234400000029, -7.273290908999968, 0.0 ], [ 112.741298972000095, -7.277367174999938, 0.0 ], [ 112.737835621000045, -7.276571123999929, 0.0 ], [ 112.738410434000116, -7.273998295999945, 0.0 ], [ 112.738692133000086, -7.273901981999927, 0.0 ], [ 112.739248822000036, -7.274033761999931, 0.0 ], [ 112.739620283000022, -7.274323513999946, 0.0 ], [ 112.739530216000048, -7.274482488999979, 0.0 ], [ 112.739636553000082, -7.274534950999964, 0.0 ], [ 112.739771415000064, -7.274183579999942, 0.0 ], [ 112.73990283, -7.274279263999972, 0.0 ], [ 112.740186034000089, -7.273863013999971, 0.0 ], [ 112.740593712000077, -7.273946931999944, 0.0 ], [ 112.740772013000083, -7.273316010999963, 0.0 ], [ 112.740185355000108, -7.273048992999975, 0.0 ], [ 112.74029925800005, -7.272763870999938, 0.0 ], [ 112.739677002, -7.272403975999964, 0.0 ], [ 112.739699168000016, -7.271760038999957, 0.0 ], [ 112.739046253000083, -7.271522284999946, 0.0 ], [ 112.739094870000031, -7.271081912999932, 0.0 ], [ 112.73836540100001, -7.27088549299998, 0.0 ], [ 112.738957464, -7.26859744199993, 0.0 ], [ 112.741486397000017, -7.269091407999952, 0.0 ], [ 112.741034649000085, -7.266283655999928, 0.0 ], [ 112.741097652, -7.263979617999951, 0.0 ], [ 112.740537114000063, -7.262154807999934, 0.0 ], [ 112.740067185000044, -7.261438917999953, 0.0 ], [ 112.733180895000032, -7.258446190999962, 0.0 ], [ 112.734274881000033, -7.255786718999957, 0.0 ], [ 112.735587020000025, -7.255910297999947, 0.0 ], [ 112.736948745000063, -7.255755372999943, 0.0 ], [ 112.738776014000109, -7.256045864999976, 0.0 ], [ 112.742664979000097, -7.256155915999955, 0.0 ], [ 112.742710163000083, -7.25582163699994, 0.0 ], [ 112.739601801000049, -7.255784891999951, 0.0 ], [ 112.738201956000012, -7.255594081999959, 0.0 ], [ 112.737714911000012, -7.254804516999968, 0.0 ], [ 112.737642337000011, -7.253685189999942, 0.0 ], [ 112.737204064000025, -7.252786158999982, 0.0 ], [ 112.73727318400006, -7.25206819899995, 0.0 ], [ 112.737895208000054, -7.251218939999944, 0.0 ], [ 112.74104327900011, -7.24937437799997, 0.0 ], [ 112.741587422000066, -7.248834022999972, 0.0 ], [ 112.742106764000027, -7.247742043999949, 0.0 ], [ 112.743604303000097, -7.248133718999952, 0.0 ], [ 112.746811225000101, -7.248313922999955, 0.0 ], [ 112.747559157000069, -7.24653666699993, 0.0 ], [ 112.747352917000057, -7.245238438999934, 0.0 ], [ 112.747327271000017, -7.243550876999961, 0.0 ], [ 112.749738492, -7.243714269999941, 0.0 ], [ 112.751520015000096, -7.244425103999959, 0.0 ], [ 112.752739072000054, -7.245965534999925, 0.0 ], [ 112.753253243000017, -7.247282306999978, 0.0 ], [ 112.753099527000018, -7.251413065999941, 0.0 ], [ 112.749698371000022, -7.251449698999977, 0.0 ], [ 112.749689989000103, -7.252753057999939, 0.0 ], [ 112.750455754000086, -7.25602483199998, 0.0 ], [ 112.75283528500006, -7.256099002999974, 0.0 ], [ 112.752268695000112, -7.264224675999969, 0.0 ], [ 112.750514818000056, -7.26394666799996, 0.0 ], [ 112.750632794000012, -7.26423615899995, 0.0 ] ] ] } },
{ "type": "Feature", "properties": { "kecamatan": "Gubeng" }, "geometry": { "type": "Polygon", "coordinates": [ [ [ 112.762735753000015, -7.290718974999947, 0.0 ], [ 112.762068847000023, -7.297717014999932, 0.0 ], [ 112.762168384, -7.303956183999958, 0.0 ], [ 112.761943421000069, -7.306212680999977, 0.0 ], [ 112.756860012000061, -7.30472790999994, 0.0 ], [ 112.754293091000022, -7.304164188999948, 0.0 ], [ 112.755432193000047, -7.30023052699994, 0.0 ], [ 112.757019303000106, -7.293663841999944, 0.0 ], [ 112.753273475000015, -7.293451627999957, 0.0 ], [ 112.752404088000048, -7.29323914899993, 0.0 ], [ 112.748254148000115, -7.291682335999951, 0.0 ], [ 112.74725576700007, -7.291080160999968, 0.0 ], [ 112.748164245000112, -7.287458190999928, 0.0 ], [ 112.750217340000063, -7.277265253999929, 0.0 ], [ 112.746278422000046, -7.27641321599998, 0.0 ], [ 112.744053541000085, -7.277255989999958, 0.0 ], [ 112.743744306000053, -7.27593991699996, 0.0 ], [ 112.74375577100011, -7.274764672999936, 0.0 ], [ 112.744576419000055, -7.272852594999961, 0.0 ], [ 112.744859322000025, -7.272388497999941, 0.0 ], [ 112.749755, -7.267908, 0.0 ], [ 112.749900253000078, -7.268152580999981, 0.0 ], [ 112.750163458000088, -7.268175145999976, 0.0 ], [ 112.75210103400002, -7.267674714999941, 0.0 ], [ 112.752382391000083, -7.26779935299993, 0.0 ], [ 112.753070478000041, -7.268594848999953, 0.0 ], [ 112.754571009000074, -7.269077812999967, 0.0 ], [ 112.754914706000022, -7.268937181999945, 0.0 ], [ 112.755148953000116, -7.268546841999978, 0.0 ], [ 112.755241768000019, -7.266923921999933, 0.0 ], [ 112.756475667000018, -7.265768427999944, 0.0 ], [ 112.762726762000057, -7.265874091999933, 0.0 ], [ 112.762835815000017, -7.265281074999962, 0.0 ], [ 112.763735959000087, -7.264047990999927, 0.0 ], [ 112.764078821000112, -7.263642252999944, 0.0 ], [ 112.76463190000004, -7.263481295999952, 0.0 ], [ 112.76400642100009, -7.262799161999965, 0.0 ], [ 112.776395210000032, -7.264089756999965, 0.0 ], [ 112.776359213000092, -7.264520811999944, 0.0 ], [ 112.777856526000051, -7.265449343999933, 0.0 ], [ 112.777889859000084, -7.266006612999945, 0.0 ], [ 112.778105700000083, -7.266063179999946, 0.0 ], [ 112.778077671, -7.266246297999942, 0.0 ], [ 112.77787378000005, -7.266791337999962, 0.0 ], [ 112.776413107000053, -7.266855910999936, 0.0 ], [ 112.776294030000031, -7.267281245999925, 0.0 ], [ 112.775906147000114, -7.26713915299996, 0.0 ], [ 112.775899023000079, -7.267355519999967, 0.0 ], [ 112.775532185000088, -7.267285784999956, 0.0 ], [ 112.775495206000073, -7.267630415999975, 0.0 ], [ 112.775074066000116, -7.267517236999936, 0.0 ], [ 112.774987404000058, -7.268082389999961, 0.0 ], [ 112.774439627000106, -7.268102644999942, 0.0 ], [ 112.774375467000027, -7.26843785899996, 0.0 ], [ 112.774216367, -7.268430230999968, 0.0 ], [ 112.772918878000041, -7.274646312999948, 0.0 ], [ 112.772212214000092, -7.280535907999933, 0.0 ], [ 112.764485241000102, -7.279634815999941, 0.0 ], [ 112.764431577000096, -7.279123543999958, 0.0 ], [ 112.764699165000025, -7.277437002999932, 0.0 ], [ 112.762322248000032, -7.277222636999966, 0.0 ], [ 112.762153234000039, -7.282984385999953, 0.0 ], [ 112.763121481000098, -7.28704364999993, 0.0 ], [ 112.76315292400011, -7.288107529999934, 0.0 ], [ 112.762735753000015, -7.290718974999947, 0.0 ] ] ] } },
{ "type": "Feature", "properties": { "kecamatan": "Gunung Anyar" }, "geometry": { "type": "Polygon", "coordinates": [ [ [ 112.791185437000081, -7.332886936999955, 0.0 ], [ 112.795431435000069, -7.333350984999981, 0.0 ], [ 112.804372416000092, -7.332088800999941, 0.0 ], [ 112.806357306000109, -7.331470992999925, 0.0 ], [ 112.809436548, -7.33103192599998, 0.0 ], [ 112.815517242000055, -7.330590653999934, 0.0 ], [ 112.818557856000098, -7.330752459999928, 0.0 ], [ 112.819823905000021, -7.330494016999978, 0.0 ], [ 112.822395350000079, -7.330414140999949, 0.0 ], [ 112.823153581000042, -7.330710296999939, 0.0 ], [ 112.825904635000029, -7.330880037999975, 0.0 ], [ 112.826612776000047, -7.332288690999974, 0.0 ], [ 112.828145379000034, -7.333505483999943, 0.0 ], [ 112.831096682000066, -7.335211680999976, 0.0 ], [ 112.830248884000071, -7.336713699999962, 0.0 ], [ 112.829982439000105, -7.33674489699996, 0.0 ], [ 112.828938286000039, -7.337738246999947, 0.0 ], [ 112.828791941000077, -7.339383430999931, 0.0 ], [ 112.828967561000013, -7.339743677999934, 0.0 ], [ 112.828390077000108, -7.340582404999964, 0.0 ], [ 112.82840323500011, -7.341569230999937, 0.0 ], [ 112.828081882000106, -7.341789103999929, 0.0 ], [ 112.82787802900009, -7.342839732999948, 0.0 ], [ 112.827322231000039, -7.343171262999931, 0.0 ], [ 112.826810711, -7.343062003999933, 0.0 ], [ 112.824768696000092, -7.343482900999959, 0.0 ], [ 112.822875858000089, -7.343502552999951, 0.0 ], [ 112.82113778900009, -7.343282348999935, 0.0 ], [ 112.819233697000072, -7.343481446999931, 0.0 ], [ 112.817271303000098, -7.34407548799993, 0.0 ], [ 112.815618812000025, -7.34490485799995, 0.0 ], [ 112.814020405000065, -7.346002408999937, 0.0 ], [ 112.812524402, -7.346391208999933, 0.0 ], [ 112.811385997000116, -7.346331216999943, 0.0 ], [ 112.808283700000061, -7.345760237999968, 0.0 ], [ 112.805865848000053, -7.346103526999968, 0.0 ], [ 112.803551198000036, -7.34550939199994, 0.0 ], [ 112.80228480300002, -7.34564923399995, 0.0 ], [ 112.800783571000011, -7.345239036999942, 0.0 ], [ 112.799535212000023, -7.345517235999978, 0.0 ], [ 112.799223673000029, -7.34508251699998, 0.0 ], [ 112.798752157000081, -7.344898141999977, 0.0 ], [ 112.798225177000063, -7.345209395999973, 0.0 ], [ 112.796915071000058, -7.345345434999956, 0.0 ], [ 112.796124534000114, -7.345908427999973, 0.0 ], [ 112.795795188000056, -7.346528516999967, 0.0 ], [ 112.793579673000067, -7.346377796999946, 0.0 ], [ 112.792561159000115, -7.345937969999966, 0.0 ], [ 112.791069124000046, -7.344721705999973, 0.0 ], [ 112.78905494300011, -7.343940718999932, 0.0 ], [ 112.786628470000096, -7.344599052999968, 0.0 ], [ 112.786114890000022, -7.345072569999957, 0.0 ], [ 112.785262805000116, -7.345153167999968, 0.0 ], [ 112.784629430000109, -7.345492195999952, 0.0 ], [ 112.783342368000035, -7.345454811999957, 0.0 ], [ 112.779753081000081, -7.34483189599996, 0.0 ], [ 112.779406244000029, -7.344626596999944, 0.0 ], [ 112.779450739000026, -7.342616264999947, 0.0 ], [ 112.777492624000047, -7.342116756999928, 0.0 ], [ 112.777564484000095, -7.340285739999956, 0.0 ], [ 112.777416033, -7.340091414999961, 0.0 ], [ 112.774065043000064, -7.339903700999969, 0.0 ], [ 112.772665172000075, -7.339439679999941, 0.0 ], [ 112.772026766000067, -7.339622241999962, 0.0 ], [ 112.771190158000081, -7.33909327899994, 0.0 ], [ 112.770922126000073, -7.339409390999947, 0.0 ], [ 112.770169062000036, -7.339212260999943, 0.0 ], [ 112.76985490800007, -7.339494786999978, 0.0 ], [ 112.769580427000051, -7.339490192999961, 0.0 ], [ 112.769129282000108, -7.340073562999976, 0.0 ], [ 112.768945003000113, -7.340009218999967, 0.0 ], [ 112.769008567000014, -7.340571630999932, 0.0 ], [ 112.76872613, -7.340534211999966, 0.0 ], [ 112.768582040000069, -7.341053706999958, 0.0 ], [ 112.768331490000037, -7.341015220999964, 0.0 ], [ 112.768527295000013, -7.341389407999941, 0.0 ], [ 112.768058979000102, -7.341584458999932, 0.0 ], [ 112.767532652000114, -7.341383844999939, 0.0 ], [ 112.767310892000069, -7.339261864999969, 0.0 ], [ 112.766952121000031, -7.339183852999952, 0.0 ], [ 112.767034856, -7.338893122999934, 0.0 ], [ 112.766468977000045, -7.338677634999954, 0.0 ], [ 112.766356638000047, -7.338325342999951, 0.0 ], [ 112.765701748000083, -7.338507027999981, 0.0 ], [ 112.765081556000041, -7.338286062999941, 0.0 ], [ 112.763402996000082, -7.338507668999966, 0.0 ], [ 112.762488150000081, -7.338466955999934, 0.0 ], [ 112.760678232000032, -7.337834247999979, 0.0 ], [ 112.755411852000066, -7.336743236999951, 0.0 ], [ 112.754871461000107, -7.337010866999947, 0.0 ], [ 112.754680511000061, -7.337388153999939, 0.0 ], [ 112.75545825800009, -7.335518691999937, 0.0 ], [ 112.759053449000021, -7.335805956999934, 0.0 ], [ 112.759318665000023, -7.331948592999936, 0.0 ], [ 112.75844857900006, -7.331873051999935, 0.0 ], [ 112.758651436000036, -7.330410504999975, 0.0 ], [ 112.764055792000022, -7.330873400999963, 0.0 ], [ 112.764180999000018, -7.331084028999953, 0.0 ], [ 112.766909396000074, -7.332003180999948, 0.0 ], [ 112.767948834000094, -7.331846476999942, 0.0 ], [ 112.768354900000077, -7.331267834999949, 0.0 ], [ 112.768558115000019, -7.331208869999955, 0.0 ], [ 112.770633492000115, -7.331154980999941, 0.0 ], [ 112.787067212000011, -7.331912810999938, 0.0 ], [ 112.791185437000081, -7.332886936999955, 0.0 ] ] ] } },
{ "type": "Feature", "properties": { "kecamatan": "Jambangan" }, "geometry": { "type": "Polygon", "coordinates": [ [ [ 112.718996243000106, -7.332353864999959, 0.0 ], [ 112.718376105000061, -7.335571764999941, 0.0 ], [ 112.717226, -7.335366, 0.0 ], [ 112.717049, -7.33707, 0.0 ], [ 112.716614001000039, -7.336988, 0.0 ], [ 112.716414999000108, -7.338273, 0.0 ], [ 112.717858589000116, -7.338622456999929, 0.0 ], [ 112.717357721000099, -7.340276235999966, 0.0 ], [ 112.704276744000026, -7.336509805999981, 0.0 ], [ 112.705429545000015, -7.335105814999963, 0.0 ], [ 112.707843273000094, -7.331513118999965, 0.0 ], [ 112.709654778000072, -7.329818858999943, 0.0 ], [ 112.710242738000034, -7.329142825999952, 0.0 ], [ 112.710431298000117, -7.328680435999956, 0.0 ], [ 112.71005832100002, -7.323410689999946, 0.0 ], [ 112.710397123, -7.321198424999977, 0.0 ], [ 112.711181946000011, -7.31876768799998, 0.0 ], [ 112.711428774000069, -7.310958298999935, 0.0 ], [ 112.71157470300011, -7.310060164999925, 0.0 ], [ 112.712204725000106, -7.308992441999976, 0.0 ], [ 112.713576902000113, -7.307842493999942, 0.0 ], [ 112.7206311650001, -7.307998925999925, 0.0 ], [ 112.72077270300008, -7.308943128999942, 0.0 ], [ 112.721120125000084, -7.308941802999925, 0.0 ], [ 112.72118892200001, -7.310290510999948, 0.0 ], [ 112.720377328000041, -7.315506806999963, 0.0 ], [ 112.723100396000063, -7.316743865999968, 0.0 ], [ 112.726373331000104, -7.317928826999946, 0.0 ], [ 112.718059136000079, -7.328516288999936, 0.0 ], [ 112.719291181000017, -7.328652388999956, 0.0 ], [ 112.718996243000106, -7.332353864999959, 0.0 ] ] ] } },
{ "type": "Feature", "properties": { "kecamatan": "Karang Pilang" }, "geometry": { "type": "Polygon", "coordinates": [ [ [ 112.700386484000092, -7.339376116999972, 0.0 ], [ 112.698195433000024, -7.341666715999963, 0.0 ], [ 112.69623075100003, -7.342994724999926, 0.0 ], [ 112.693684720000078, -7.343942144999971, 0.0 ], [ 112.690067763000116, -7.345582587999957, 0.0 ], [ 112.685126382000021, -7.346787787999972, 0.0 ], [ 112.683058537000079, -7.347465414999931, 0.0 ], [ 112.681585462000044, -7.348274776999972, 0.0 ], [ 112.679769691000047, -7.349717006999981, 0.0 ], [ 112.678641019000111, -7.350352820999944, 0.0 ], [ 112.677473141000064, -7.350759111999935, 0.0 ], [ 112.675787734000096, -7.351186472999927, 0.0 ], [ 112.673315602000116, -7.351420588999929, 0.0 ], [ 112.671614411000064, -7.351474781999968, 0.0 ], [ 112.668329783000104, -7.351032460999932, 0.0 ], [ 112.66458577100002, -7.351435510999977, 0.0 ], [ 112.664681702000053, -7.345987751999928, 0.0 ], [ 112.665141806000065, -7.341030240999942, 0.0 ], [ 112.664964996000094, -7.340409334999947, 0.0 ], [ 112.664407217000075, -7.339785480999979, 0.0 ], [ 112.664260991000106, -7.339814190999959, 0.0 ], [ 112.664322378000065, -7.339964570999939, 0.0 ], [ 112.66404607000004, -7.339939133999962, 0.0 ], [ 112.663136656, -7.339535006999938, 0.0 ], [ 112.663145843000052, -7.339299503999939, 0.0 ], [ 112.662199693000048, -7.337851290999936, 0.0 ], [ 112.661330078000105, -7.337148357999979, 0.0 ], [ 112.661196643000039, -7.336706256999946, 0.0 ], [ 112.660782994000101, -7.33617475899996, 0.0 ], [ 112.660855081000022, -7.335909812999944, 0.0 ], [ 112.660519677000025, -7.334890892999965, 0.0 ], [ 112.65959900200005, -7.334364136999966, 0.0 ], [ 112.659660694000081, -7.333677937999937, 0.0 ], [ 112.658658722000041, -7.33220930799996, 0.0 ], [ 112.658419, -7.331701, 0.0 ], [ 112.658458555000038, -7.331379249999941, 0.0 ], [ 112.657972407000102, -7.331020028999944, 0.0 ], [ 112.657752212000105, -7.331042191999927, 0.0 ], [ 112.658004215, -7.330890506999935, 0.0 ], [ 112.658295465000037, -7.330183837999925, 0.0 ], [ 112.659518938000019, -7.330305344999942, 0.0 ], [ 112.660336635000021, -7.330041963999975, 0.0 ], [ 112.660690218000013, -7.329622817999962, 0.0 ], [ 112.663536046000104, -7.329630469999927, 0.0 ], [ 112.663517504000083, -7.329785579999964, 0.0 ], [ 112.665021805000038, -7.330399451999938, 0.0 ], [ 112.66602053400004, -7.33041252299995, 0.0 ], [ 112.665848281000081, -7.331766082999934, 0.0 ], [ 112.666319932000079, -7.332623339999941, 0.0 ], [ 112.666356922000091, -7.333171676999939, 0.0 ], [ 112.666917929000078, -7.334258753999961, 0.0 ], [ 112.666913176000094, -7.334627719999958, 0.0 ], [ 112.668764636000105, -7.335463642999969, 0.0 ], [ 112.669490721000102, -7.335551438999971, 0.0 ], [ 112.671386446000042, -7.335139672999958, 0.0 ], [ 112.671780550000108, -7.334920801999942, 0.0 ], [ 112.671882286000027, -7.334046503999957, 0.0 ], [ 112.673427514000082, -7.334120828999971, 0.0 ], [ 112.673016989000075, -7.335203201999946, 0.0 ], [ 112.682614438000087, -7.336065462999954, 0.0 ], [ 112.690837696000017, -7.335520014999929, 0.0 ], [ 112.694268824, -7.336753229999943, 0.0 ], [ 112.695036461000086, -7.335229282999933, 0.0 ], [ 112.696066616000053, -7.332220633999952, 0.0 ], [ 112.695468144000074, -7.33194436499997, 0.0 ], [ 112.695722722000028, -7.330542636999951, 0.0 ], [ 112.695050012000024, -7.330363012999953, 0.0 ], [ 112.695272513000077, -7.329503270999965, 0.0 ], [ 112.694719727, -7.328589316999967, 0.0 ], [ 112.69228879100001, -7.32678212299993, 0.0 ], [ 112.692209935000051, -7.326446939999926, 0.0 ], [ 112.692476998000075, -7.324294106999957, 0.0 ], [ 112.691127100000017, -7.324067394999929, 0.0 ], [ 112.691010032, -7.324450321999961, 0.0 ], [ 112.689965973000085, -7.324332382999955, 0.0 ], [ 112.690285295000081, -7.322410149999939, 0.0 ], [ 112.692029881000053, -7.322564689999979, 0.0 ], [ 112.692737102000024, -7.32282870399996, 0.0 ], [ 112.692964396000093, -7.322645881999961, 0.0 ], [ 112.6958887400001, -7.323619120999979, 0.0 ], [ 112.696496210000078, -7.323528822999947, 0.0 ], [ 112.697687782000116, -7.323898219999933, 0.0 ], [ 112.698129946000108, -7.321993445999965, 0.0 ], [ 112.698453061, -7.322054321999929, 0.0 ], [ 112.698587896000049, -7.321434564999947, 0.0 ], [ 112.698642455000027, -7.320953240999927, 0.0 ], [ 112.698334270000032, -7.319380878999937, 0.0 ], [ 112.69952622400001, -7.319157809999979, 0.0 ], [ 112.701802559000043, -7.315420310999968, 0.0 ], [ 112.702656956000055, -7.315331942999933, 0.0 ], [ 112.702470517000052, -7.31473961599994, 0.0 ], [ 112.702555940000025, -7.314060380999933, 0.0 ], [ 112.703596871000059, -7.314168544999973, 0.0 ], [ 112.703630713000052, -7.313758537999945, 0.0 ], [ 112.704634900000087, -7.31374741999997, 0.0 ], [ 112.704816512000093, -7.313136636999957, 0.0 ], [ 112.705237296000064, -7.312944689999938, 0.0 ], [ 112.706998113000054, -7.312778685999945, 0.0 ], [ 112.711328078000065, -7.312837932999969, 0.0 ], [ 112.711181946000011, -7.31876768799998, 0.0 ], [ 112.710397123, -7.321198424999977, 0.0 ], [ 112.71005832100002, -7.323410689999946, 0.0 ], [ 112.710472762000109, -7.327863373999946, 0.0 ], [ 112.710431298000117, -7.328680435999956, 0.0 ], [ 112.710242738000034, -7.329142825999952, 0.0 ], [ 112.707843273000094, -7.331513118999965, 0.0 ], [ 112.705429545000015, -7.335105814999963, 0.0 ], [ 112.704276744000026, -7.336509805999981, 0.0 ], [ 112.702853843000071, -7.337917002999973, 0.0 ], [ 112.700386484000092, -7.339376116999972, 0.0 ] ] ] } },
{ "type": "Feature", "properties": { "kecamatan": "Kenjeran" }, "geometry": { "type": "MultiPolygon", "coordinates": [ [ [ [ 112.785527990000105, -7.23314524999995, 0.0 ], [ 112.78612763000001, -7.23333667199995, 0.0 ], [ 112.786006146000091, -7.233511783999973, 0.0 ], [ 112.785461592000047, -7.233317752999938, 0.0 ], [ 112.784830885000019, -7.234975667999947, 0.0 ], [ 112.784131922000029, -7.234791535999932, 0.0 ], [ 112.785101173000044, -7.232033503999958, 0.0 ], [ 112.785746295000081, -7.232187968999938, 0.0 ], [ 112.785527990000105, -7.23314524999995, 0.0 ] ] ], [ [ [ 112.775405119000084, -7.219817138999929, 0.0 ], [ 112.775940953000031, -7.219929882999963, 0.0 ], [ 112.775585475000071, -7.22183671199997, 0.0 ], [ 112.776983733000066, -7.222100350999938, 0.0 ], [ 112.777476384000011, -7.218892465999943, 0.0 ], [ 112.780014220000112, -7.219857795999928, 0.0 ], [ 112.779876147000095, -7.220373866999978, 0.0 ], [ 112.784094914000093, -7.221670741999958, 0.0 ], [ 112.784055280000075, -7.223122763999982, 0.0 ], [ 112.784111153000026, -7.223768655999947, 0.0 ], [ 112.783960563000051, -7.224180763999925, 0.0 ], [ 112.783703561000038, -7.225356578999936, 0.0 ], [ 112.78345411500004, -7.22564201199998, 0.0 ], [ 112.783419017000028, -7.225978723999958, 0.0 ], [ 112.782311673000095, -7.225699108999947, 0.0 ], [ 112.781931808000081, -7.226571376999971, 0.0 ], [ 112.782546293000109, -7.226884753999968, 0.0 ], [ 112.783259758000099, -7.226295124999979, 0.0 ], [ 112.783783266000114, -7.225277099999971, 0.0 ], [ 112.78414069300004, -7.223750448999965, 0.0 ], [ 112.78408013, -7.223212529999955, 0.0 ], [ 112.78430667300006, -7.223231067999961, 0.0 ], [ 112.784350006000068, -7.223041430999956, 0.0 ], [ 112.78691449900009, -7.223424613999953, 0.0 ], [ 112.78630707100001, -7.226147469999944, 0.0 ], [ 112.786037029000113, -7.226533223999979, 0.0 ], [ 112.785543856000118, -7.225639839999928, 0.0 ], [ 112.78395892900005, -7.225293654999973, 0.0 ], [ 112.783385026000019, -7.226350391999972, 0.0 ], [ 112.782716185000027, -7.227045851999947, 0.0 ], [ 112.782685001, -7.227238000999932, 0.0 ], [ 112.783420565000029, -7.227222516999973, 0.0 ], [ 112.783451409, -7.227446793999945, 0.0 ], [ 112.783754508000015, -7.227581136999959, 0.0 ], [ 112.783781001000079, -7.227854, 0.0 ], [ 112.7843306420001, -7.227929030999974, 0.0 ], [ 112.784160897000106, -7.22841546799998, 0.0 ], [ 112.783722868000041, -7.228810707999969, 0.0 ], [ 112.783875778000038, -7.22962347899994, 0.0 ], [ 112.783752890000073, -7.230951674999972, 0.0 ], [ 112.783895358000109, -7.230949910999925, 0.0 ], [ 112.78367941700003, -7.231457925999962, 0.0 ], [ 112.783553610000013, -7.231447652999975, 0.0 ], [ 112.783547101000067, -7.23070488299993, 0.0 ], [ 112.781319676000066, -7.230427175999978, 0.0 ], [ 112.78141275400003, -7.229930653999929, 0.0 ], [ 112.781191251000109, -7.229802165999956, 0.0 ], [ 112.781135931000108, -7.228976362999958, 0.0 ], [ 112.78045106400009, -7.22884415599998, 0.0 ], [ 112.780182867, -7.22933977699995, 0.0 ], [ 112.780029861000116, -7.229358358999946, 0.0 ], [ 112.778045800000086, -7.229015876999938, 0.0 ], [ 112.777501301000029, -7.229279729999973, 0.0 ], [ 112.777514276000034, -7.22972428199995, 0.0 ], [ 112.776785, -7.229668, 0.0 ], [ 112.776700438000034, -7.229977470999927, 0.0 ], [ 112.776516004000086, -7.229929675999927, 0.0 ], [ 112.776478290000114, -7.230054274999929, 0.0 ], [ 112.775578456000062, -7.229781961999947, 0.0 ], [ 112.774994345000096, -7.23222412299998, 0.0 ], [ 112.773050599000044, -7.232302583999967, 0.0 ], [ 112.772674256000073, -7.233230860999981, 0.0 ], [ 112.771380425000075, -7.233078357999943, 0.0 ], [ 112.77060093800003, -7.235735060999957, 0.0 ], [ 112.769891196000117, -7.235796562999951, 0.0 ], [ 112.769420980000064, -7.237238858999945, 0.0 ], [ 112.766958958000032, -7.236482166999963, 0.0 ], [ 112.767018575000066, -7.23632577799998, 0.0 ], [ 112.766562106000038, -7.236194869999963, 0.0 ], [ 112.766526856000041, -7.23637083899996, 0.0 ], [ 112.765677905000075, -7.23613729799996, 0.0 ], [ 112.763784035000072, -7.236453089999941, 0.0 ], [ 112.76413113600006, -7.23553805399996, 0.0 ], [ 112.762550022000028, -7.234607594999943, 0.0 ], [ 112.760267424000062, -7.235163313999976, 0.0 ], [ 112.758434295000029, -7.235327462999976, 0.0 ], [ 112.758303146000117, -7.235702923999952, 0.0 ], [ 112.757873929000084, -7.235614634999934, 0.0 ], [ 112.757267685000102, -7.230848194999965, 0.0 ], [ 112.757826684000065, -7.23085109699997, 0.0 ], [ 112.757726999000056, -7.229852697999945, 0.0 ], [ 112.757486910000011, -7.229804487999957, 0.0 ], [ 112.758071008000115, -7.228940006999949, 0.0 ], [ 112.758088704000102, -7.228364221999925, 0.0 ], [ 112.758447399000033, -7.228474888999926, 0.0 ], [ 112.758542272000113, -7.22819587999993, 0.0 ], [ 112.758774982000091, -7.22828349699995, 0.0 ], [ 112.759002953000049, -7.227765881999971, 0.0 ], [ 112.758441450000078, -7.227457838999953, 0.0 ], [ 112.758606905000079, -7.226880179999966, 0.0 ], [ 112.758280704000072, -7.226220855999941, 0.0 ], [ 112.758022836, -7.225014039999962, 0.0 ], [ 112.759558448, -7.224767817999975, 0.0 ], [ 112.759735356000078, -7.222309306999932, 0.0 ], [ 112.759158034000052, -7.222097441999949, 0.0 ], [ 112.760141315000055, -7.216366113999925, 0.0 ], [ 112.760800110000105, -7.214205726999978, 0.0 ], [ 112.761029631000042, -7.211611596999944, 0.0 ], [ 112.761211500000059, -7.211563049999938, 0.0 ], [ 112.762468523000052, -7.207070743999964, 0.0 ], [ 112.761302214000011, -7.207223828999929, 0.0 ], [ 112.75806672300007, -7.203613599999926, 0.0 ], [ 112.758541045000015, -7.202377351999928, 0.0 ], [ 112.758125571000051, -7.201479444999961, 0.0 ], [ 112.757837866000045, -7.201413565999928, 0.0 ], [ 112.757467023000117, -7.199663828999974, 0.0 ], [ 112.757064035000099, -7.198663090999958, 0.0 ], [ 112.756642852000027, -7.198176496999963, 0.0 ], [ 112.756987454000068, -7.197700372999975, 0.0 ], [ 112.758428153000068, -7.196598569999935, 0.0 ], [ 112.758674721000034, -7.196799297999974, 0.0 ], [ 112.758569410000064, -7.196497435999959, 0.0 ], [ 112.759091291000118, -7.196135169999934, 0.0 ], [ 112.760161932000074, -7.195956921999937, 0.0 ], [ 112.760366727000019, -7.196164685999975, 0.0 ], [ 112.760352381000075, -7.195945049999978, 0.0 ], [ 112.760635335000075, -7.195989735999945, 0.0 ], [ 112.760761477000074, -7.195768615999953, 0.0 ], [ 112.761032229000079, -7.196071356999937, 0.0 ], [ 112.761073122000084, -7.195899704999931, 0.0 ], [ 112.761396804000015, -7.195777849999956, 0.0 ], [ 112.763411979000011, -7.195752089999928, 0.0 ], [ 112.763501973000075, -7.196026542999959, 0.0 ], [ 112.764077334000035, -7.195923943999958, 0.0 ], [ 112.764933817000042, -7.196241780999969, 0.0 ], [ 112.767363830000022, -7.197936892999962, 0.0 ], [ 112.767824977000032, -7.198487630999978, 0.0 ], [ 112.768070372000011, -7.198420281999972, 0.0 ], [ 112.768858773000034, -7.199036059999969, 0.0 ], [ 112.769424460000096, -7.199218319999943, 0.0 ], [ 112.769416656000089, -7.19950863899993, 0.0 ], [ 112.769779087000074, -7.199385738999979, 0.0 ], [ 112.769793158000084, -7.199754875999929, 0.0 ], [ 112.770038626000087, -7.199909324999965, 0.0 ], [ 112.770395011, -7.199802474999956, 0.0 ], [ 112.770326307, -7.200019142999963, 0.0 ], [ 112.770776570000066, -7.200400481999964, 0.0 ], [ 112.770990489000042, -7.200837553999975, 0.0 ], [ 112.771232220000115, -7.200745653999945, 0.0 ], [ 112.771180554000011, -7.201057848999938, 0.0 ], [ 112.771727444000021, -7.201115670999968, 0.0 ], [ 112.771748441000113, -7.201359159999981, 0.0 ], [ 112.772317096000052, -7.201746764999939, 0.0 ], [ 112.772541797000031, -7.202403457999935, 0.0 ], [ 112.772444474000054, -7.203060604999962, 0.0 ], [ 112.772568546000116, -7.203212891999954, 0.0 ], [ 112.772942807000049, -7.203182016999961, 0.0 ], [ 112.77347458700001, -7.201326040999959, 0.0 ], [ 112.774691854000025, -7.201535077999949, 0.0 ], [ 112.774116197000012, -7.205511326999954, 0.0 ], [ 112.773865257000011, -7.205492843999934, 0.0 ], [ 112.774283646000072, -7.205856247999975, 0.0 ], [ 112.774221207000096, -7.206185370999947, 0.0 ], [ 112.775262503000022, -7.206980514999941, 0.0 ], [ 112.774966846000098, -7.207441623999955, 0.0 ], [ 112.775196436000101, -7.207612050999955, 0.0 ], [ 112.7752107230001, -7.208045547999973, 0.0 ], [ 112.775782713000012, -7.207223166999938, 0.0 ], [ 112.776265662000014, -7.207094917999939, 0.0 ], [ 112.77636140200002, -7.207404610999959, 0.0 ], [ 112.777163648000055, -7.207970430999978, 0.0 ], [ 112.779017191000094, -7.208230449999974, 0.0 ], [ 112.779223904000105, -7.208465157999967, 0.0 ], [ 112.780007830000045, -7.208702849999952, 0.0 ], [ 112.77833208800007, -7.215132443999948, 0.0 ], [ 112.777676184000029, -7.216771417999951, 0.0 ], [ 112.777254588, -7.218933172999925, 0.0 ], [ 112.775679831000048, -7.218391471999951, 0.0 ], [ 112.775405119000084, -7.219817138999929, 0.0 ] ] ] ] } },
{ "type": "Feature", "properties": { "kecamatan": "Krembangan" }, "geometry": { "type": "Polygon", "coordinates": [ [ [ 112.720440232000101, -7.236897896999949, 0.0 ], [ 112.720939575000102, -7.245066028999929, 0.0 ], [ 112.720877449000113, -7.24716047499993, 0.0 ], [ 112.717706241000087, -7.247097825999958, 0.0 ], [ 112.717266444000074, -7.246874316999936, 0.0 ], [ 112.717736685000091, -7.245962236999958, 0.0 ], [ 112.717742294000118, -7.245545947999972, 0.0 ], [ 112.717460566000113, -7.244073388999936, 0.0 ], [ 112.716967385000089, -7.242901847999974, 0.0 ], [ 112.715728335000108, -7.242967612999962, 0.0 ], [ 112.714754717, -7.242714474999957, 0.0 ], [ 112.714137163000032, -7.242849605999936, 0.0 ], [ 112.713866988000063, -7.242678376999947, 0.0 ], [ 112.713918995000085, -7.24217578799994, 0.0 ], [ 112.713558590000048, -7.241897238999968, 0.0 ], [ 112.713279912000075, -7.241187583999931, 0.0 ], [ 112.714011072000062, -7.239859163999938, 0.0 ], [ 112.71332570300001, -7.239148417999957, 0.0 ], [ 112.712342568000054, -7.240685614999961, 0.0 ], [ 112.711755151000034, -7.240468973999953, 0.0 ], [ 112.711554237000087, -7.240078481999944, 0.0 ], [ 112.711195820000057, -7.239997132999974, 0.0 ], [ 112.710411235000038, -7.240959416999942, 0.0 ], [ 112.710135428000058, -7.24087908599995, 0.0 ], [ 112.71026904200005, -7.240216936999957, 0.0 ], [ 112.709597038000084, -7.239098041999966, 0.0 ], [ 112.709597270000017, -7.238365371999976, 0.0 ], [ 112.709197087, -7.23787045399996, 0.0 ], [ 112.709154127000033, -7.237586574999966, 0.0 ], [ 112.70946931800006, -7.237483879999957, 0.0 ], [ 112.710385768000037, -7.238106363999975, 0.0 ], [ 112.711158917000034, -7.237958785999979, 0.0 ], [ 112.711310478000087, -7.237650200999951, 0.0 ], [ 112.711286903000087, -7.236965463999979, 0.0 ], [ 112.711022151000066, -7.235836085999949, 0.0 ], [ 112.710470828000098, -7.235751448999963, 0.0 ], [ 112.708333093000078, -7.236659609999947, 0.0 ], [ 112.707987346000095, -7.236290065999981, 0.0 ], [ 112.708446692000052, -7.233417517999953, 0.0 ], [ 112.709093065000047, -7.232508976999952, 0.0 ], [ 112.710287265000034, -7.232328032999931, 0.0 ], [ 112.710307218000025, -7.232055848999948, 0.0 ], [ 112.71014384800003, -7.231622865999952, 0.0 ], [ 112.709408059000111, -7.230740454999932, 0.0 ], [ 112.70901286000003, -7.230576256999939, 0.0 ], [ 112.708288010000047, -7.230582799999979, 0.0 ], [ 112.707614040000067, -7.230800527999975, 0.0 ], [ 112.70714078900005, -7.230476225999951, 0.0 ], [ 112.707140115000016, -7.228246828999943, 0.0 ], [ 112.706906678000109, -7.227338637999935, 0.0 ], [ 112.706146974000035, -7.226614193999978, 0.0 ], [ 112.706202304000044, -7.224921546999951, 0.0 ], [ 112.707096820000061, -7.225305584999944, 0.0 ], [ 112.709280691000117, -7.225058169999954, 0.0 ], [ 112.709336387, -7.22457948999994, 0.0 ], [ 112.7088063220001, -7.22377285999994, 0.0 ], [ 112.708479278000027, -7.22216642199993, 0.0 ], [ 112.709773, -7.220917550999957, 0.0 ], [ 112.709741136000048, -7.218812397999955, 0.0 ], [ 112.709882550000088, -7.218194640999968, 0.0 ], [ 112.710202025000058, -7.217786743999966, 0.0 ], [ 112.710919230000059, -7.217396494999946, 0.0 ], [ 112.714130093000108, -7.216336601999956, 0.0 ], [ 112.715385416000117, -7.213805566999952, 0.0 ], [ 112.715572769, -7.212666105999972, 0.0 ], [ 112.714975011000092, -7.210419541999954, 0.0 ], [ 112.71497773100009, -7.209869291999951, 0.0 ], [ 112.71446727700004, -7.20917742499995, 0.0 ], [ 112.712812322000104, -7.208633389999932, 0.0 ], [ 112.712833113000102, -7.207791203999932, 0.0 ], [ 112.71315241800005, -7.207340244999955, 0.0 ], [ 112.713818469000103, -7.207366456999978, 0.0 ], [ 112.714415085000041, -7.208038862999956, 0.0 ], [ 112.715249559000085, -7.208260612999936, 0.0 ], [ 112.716211732000033, -7.208041689999959, 0.0 ], [ 112.71896193300006, -7.206811259999938, 0.0 ], [ 112.720766062000052, -7.210067627999933, 0.0 ], [ 112.72147136500007, -7.210337698999979, 0.0 ], [ 112.722088117000112, -7.211263602999963, 0.0 ], [ 112.722178151000094, -7.211000105999972, 0.0 ], [ 112.721227082000041, -7.209218818999943, 0.0 ], [ 112.722341340000071, -7.208697584999925, 0.0 ], [ 112.725587817000019, -7.21566308499996, 0.0 ], [ 112.726248090000013, -7.216639532999977, 0.0 ], [ 112.727090413000042, -7.217474139999979, 0.0 ], [ 112.729301570000075, -7.218814886999951, 0.0 ], [ 112.729663189, -7.219416383999942, 0.0 ], [ 112.730552734000071, -7.220255111999961, 0.0 ], [ 112.731047430000103, -7.221241960999976, 0.0 ], [ 112.731718952000051, -7.220752407999953, 0.0 ], [ 112.732499238000059, -7.220577197999944, 0.0 ], [ 112.732047156000021, -7.224081352999974, 0.0 ], [ 112.731751516000031, -7.225081271999954, 0.0 ], [ 112.728322972000115, -7.232322176999958, 0.0 ], [ 112.730768820000094, -7.234437278999962, 0.0 ], [ 112.730909205000103, -7.23437454499998, 0.0 ], [ 112.731079263000083, -7.232449957999961, 0.0 ], [ 112.731267680000087, -7.232417631999965, 0.0 ], [ 112.735258030000068, -7.233975642999951, 0.0 ], [ 112.735438803000079, -7.23263333999995, 0.0 ], [ 112.734307020000074, -7.232358225999974, 0.0 ], [ 112.73482754500003, -7.230652912999972, 0.0 ], [ 112.737624641000025, -7.231400140999938, 0.0 ], [ 112.737675522000018, -7.231635174999951, 0.0 ], [ 112.738228548000052, -7.231579547999957, 0.0 ], [ 112.738240928000096, -7.232249455999977, 0.0 ], [ 112.738874624, -7.234298449999926, 0.0 ], [ 112.737784170000054, -7.23825125299993, 0.0 ], [ 112.737852025000052, -7.239079932999971, 0.0 ], [ 112.738827170000036, -7.240709382999967, 0.0 ], [ 112.739133320000064, -7.242419497999947, 0.0 ], [ 112.739702979000072, -7.24325096299998, 0.0 ], [ 112.740758880000044, -7.243694365999943, 0.0 ], [ 112.742257545000029, -7.24373886799998, 0.0 ], [ 112.742621203000112, -7.244099779999942, 0.0 ], [ 112.741698186, -7.244224777999932, 0.0 ], [ 112.739825262000068, -7.244978345999925, 0.0 ], [ 112.738244594000093, -7.245104005999963, 0.0 ], [ 112.729790422000065, -7.243275006999966, 0.0 ], [ 112.728074562000074, -7.242501628999946, 0.0 ], [ 112.726875585000016, -7.241053066999939, 0.0 ], [ 112.726320284000053, -7.239457946999948, 0.0 ], [ 112.726454068000066, -7.237889980999967, 0.0 ], [ 112.720583720000036, -7.236131984999929, 0.0 ], [ 112.720440232000101, -7.236897896999949, 0.0 ] ] ] } },
{ "type": "Feature", "properties": { "kecamatan": "Lakarsantri" }, "geometry": { "type": "Polygon", "coordinates": [ [ [ 112.671571440000093, -7.317006342999946, 0.0 ], [ 112.672370405000038, -7.317248031999952, 0.0 ], [ 112.672851470000069, -7.317687473999968, 0.0 ], [ 112.673539359000074, -7.31743357299996, 0.0 ], [ 112.673964280000064, -7.317521006999925, 0.0 ], [ 112.675086615000055, -7.317325874999938, 0.0 ], [ 112.675841729000012, -7.317722010999944, 0.0 ], [ 112.676290348000066, -7.318231656999956, 0.0 ], [ 112.67796326000007, -7.31862214299997, 0.0 ], [ 112.67808294200006, -7.319143703999941, 0.0 ], [ 112.679124672000057, -7.319212155999935, 0.0 ], [ 112.680403744000046, -7.320082046999971, 0.0 ], [ 112.681606207000073, -7.320564826999941, 0.0 ], [ 112.680908948000024, -7.32409724799993, 0.0 ], [ 112.679360114000019, -7.327856907999944, 0.0 ], [ 112.678879810000012, -7.32987774299994, 0.0 ], [ 112.678750567000066, -7.330043931999967, 0.0 ], [ 112.677790673000118, -7.330230306999965, 0.0 ], [ 112.677860391000081, -7.32985937199993, 0.0 ], [ 112.676411907000102, -7.329578315999981, 0.0 ], [ 112.67570450300002, -7.330481849999956, 0.0 ], [ 112.674801435000063, -7.332570346999944, 0.0 ], [ 112.676100437000059, -7.332959801999948, 0.0 ], [ 112.675107892000028, -7.335378699999978, 0.0 ], [ 112.673016989000075, -7.335203201999946, 0.0 ], [ 112.673427514000082, -7.334120828999971, 0.0 ], [ 112.671882286000027, -7.334046503999957, 0.0 ], [ 112.671780550000108, -7.334920801999942, 0.0 ], [ 112.671386446000042, -7.335139672999958, 0.0 ], [ 112.670892791000028, -7.335149658999967, 0.0 ], [ 112.670713794000108, -7.335333118999927, 0.0 ], [ 112.669490721000102, -7.335551438999971, 0.0 ], [ 112.668764636000105, -7.335463642999969, 0.0 ], [ 112.667455369000095, -7.334979738999948, 0.0 ], [ 112.666913176000094, -7.334627719999958, 0.0 ], [ 112.666917929000078, -7.334258753999961, 0.0 ], [ 112.666356922000091, -7.333171676999939, 0.0 ], [ 112.666319932000079, -7.332623339999941, 0.0 ], [ 112.665948284000024, -7.33214983299996, 0.0 ], [ 112.66584892100002, -7.331616824999969, 0.0 ], [ 112.66602053400004, -7.33041252299995, 0.0 ], [ 112.665021805000038, -7.330399451999938, 0.0 ], [ 112.663517504000083, -7.329785579999964, 0.0 ], [ 112.663536046000104, -7.329630469999927, 0.0 ], [ 112.660690218000013, -7.329622817999962, 0.0 ], [ 112.660336635000021, -7.330041963999975, 0.0 ], [ 112.659518938000019, -7.330305344999942, 0.0 ], [ 112.658295465000037, -7.330183837999925, 0.0 ], [ 112.658004215, -7.330890506999935, 0.0 ], [ 112.657752212000105, -7.331042191999927, 0.0 ], [ 112.657755391000023, -7.330504747999953, 0.0 ], [ 112.65649, -7.330866, 0.0 ], [ 112.655852219000053, -7.331395092999969, 0.0 ], [ 112.655310727000028, -7.331459528999972, 0.0 ], [ 112.655298866000066, -7.332140930999969, 0.0 ], [ 112.654455643, -7.332070717999954, 0.0 ], [ 112.654498661000048, -7.333001260999936, 0.0 ], [ 112.654641342000104, -7.333041588999947, 0.0 ], [ 112.654128505000017, -7.334004507999964, 0.0 ], [ 112.653533005000099, -7.333898920999957, 0.0 ], [ 112.653505492000022, -7.334116329999972, 0.0 ], [ 112.652205575000039, -7.334157384999969, 0.0 ], [ 112.652146375000029, -7.33434899599996, 0.0 ], [ 112.651215210000032, -7.333964846999947, 0.0 ], [ 112.650320522000015, -7.333965599999942, 0.0 ], [ 112.650206744000116, -7.333522144999961, 0.0 ], [ 112.648186352000039, -7.333467902999928, 0.0 ], [ 112.648393566000095, -7.332246841999961, 0.0 ], [ 112.648967153000058, -7.332095930999969, 0.0 ], [ 112.649100446000034, -7.330260822999946, 0.0 ], [ 112.649279759000024, -7.330280978999951, 0.0 ], [ 112.649556996000115, -7.329757817999962, 0.0 ], [ 112.649560240000028, -7.329293556999971, 0.0 ], [ 112.649803233000057, -7.329080518999945, 0.0 ], [ 112.649876545000097, -7.328158834999954, 0.0 ], [ 112.650182548000089, -7.327686515999972, 0.0 ], [ 112.650470970000015, -7.327679254999964, 0.0 ], [ 112.650504447000117, -7.327399698999955, 0.0 ], [ 112.650325938000037, -7.327359043999934, 0.0 ], [ 112.650295342000049, -7.327151654999966, 0.0 ], [ 112.650374144000011, -7.326784488999976, 0.0 ], [ 112.650194054000053, -7.326748305999956, 0.0 ], [ 112.650040596000053, -7.326200078999932, 0.0 ], [ 112.650243822000107, -7.325311746999944, 0.0 ], [ 112.650987620000024, -7.325165951999963, 0.0 ], [ 112.650819399000056, -7.324226636999981, 0.0 ], [ 112.650545802000011, -7.324109933999978, 0.0 ], [ 112.650645598000096, -7.323359306999976, 0.0 ], [ 112.650904123000032, -7.323417689999928, 0.0 ], [ 112.650955957000065, -7.323047632999931, 0.0 ], [ 112.650973920000069, -7.322849952999945, 0.0 ], [ 112.650730470000099, -7.32281852899996, 0.0 ], [ 112.650885439000035, -7.321449079999979, 0.0 ], [ 112.650228601000094, -7.320642970999927, 0.0 ], [ 112.6500947400001, -7.320164458999955, 0.0 ], [ 112.649733444000049, -7.320047716999966, 0.0 ], [ 112.649343194000039, -7.319509416999949, 0.0 ], [ 112.648456257000021, -7.319262973999969, 0.0 ], [ 112.648306557000069, -7.318994844999963, 0.0 ], [ 112.649237196000058, -7.314558527999964, 0.0 ], [ 112.646699521000073, -7.314128081999968, 0.0 ], [ 112.643963494000104, -7.313972515999978, 0.0 ], [ 112.641816612000071, -7.313470276999965, 0.0 ], [ 112.64134510000008, -7.313222224999947, 0.0 ], [ 112.64050923700006, -7.313724807999961, 0.0 ], [ 112.639768305000075, -7.313451895999947, 0.0 ], [ 112.639024643000084, -7.313481396999975, 0.0 ], [ 112.638374393000049, -7.312843546999943, 0.0 ], [ 112.63782233500001, -7.312848423999981, 0.0 ], [ 112.637162857000021, -7.31309676199993, 0.0 ], [ 112.636255097000117, -7.312808181999969, 0.0 ], [ 112.633964745000071, -7.313012430999947, 0.0 ], [ 112.633355101, -7.313589543999967, 0.0 ], [ 112.632874965000042, -7.313407543999972, 0.0 ], [ 112.631886021000014, -7.313657312999965, 0.0 ], [ 112.631434286000058, -7.313359000999981, 0.0 ], [ 112.631352870000114, -7.314003601999957, 0.0 ], [ 112.631237973000111, -7.314036554999973, 0.0 ], [ 112.631344029000047, -7.313287465999963, 0.0 ], [ 112.631037945000116, -7.313130074999947, 0.0 ], [ 112.630971897000109, -7.314140871999939, 0.0 ], [ 112.630945084000018, -7.313127420999933, 0.0 ], [ 112.630723495000098, -7.313143174999936, 0.0 ], [ 112.630522852000013, -7.314371567999956, 0.0 ], [ 112.630666587000064, -7.313143380999975, 0.0 ], [ 112.630486605000101, -7.313069268999925, 0.0 ], [ 112.630321314000071, -7.314498234999974, 0.0 ], [ 112.6300809170001, -7.314613941999937, 0.0 ], [ 112.630247150000059, -7.313020131999963, 0.0 ], [ 112.629761617000099, -7.313018, 0.0 ], [ 112.629399848000048, -7.307794514999955, 0.0 ], [ 112.629197235000106, -7.307216116999939, 0.0 ], [ 112.628962082000044, -7.305140325999957, 0.0 ], [ 112.628797914000074, -7.301433867999947, 0.0 ], [ 112.628533125000104, -7.300891432999947, 0.0 ], [ 112.628336494000109, -7.30079660499996, 0.0 ], [ 112.628232160000039, -7.29891168599994, 0.0 ], [ 112.627304893000087, -7.298653103999925, 0.0 ], [ 112.62808674300004, -7.29575116999996, 0.0 ], [ 112.628254281000068, -7.293681996999965, 0.0 ], [ 112.628236256000037, -7.292899917999932, 0.0 ], [ 112.627882664000026, -7.292520792999937, 0.0 ], [ 112.627804008000112, -7.290579187999981, 0.0 ], [ 112.627577048000035, -7.290280310999947, 0.0 ], [ 112.629740941000023, -7.288808380999967, 0.0 ], [ 112.632117917000073, -7.289392334999945, 0.0 ], [ 112.633421421000094, -7.289411447999953, 0.0 ], [ 112.635144524000111, -7.289050564999968, 0.0 ], [ 112.635801814000047, -7.28868394899996, 0.0 ], [ 112.638049138000042, -7.288282194999965, 0.0 ], [ 112.639035051000064, -7.287708081999938, 0.0 ], [ 112.640240186000028, -7.288033236999979, 0.0 ], [ 112.640924090000112, -7.287861517999943, 0.0 ], [ 112.642662806000089, -7.288792512999976, 0.0 ], [ 112.643079084000078, -7.288847502999943, 0.0 ], [ 112.645634229000052, -7.288843179999958, 0.0 ], [ 112.647699928000065, -7.288448587999937, 0.0 ], [ 112.648270368000112, -7.290839649999953, 0.0 ], [ 112.649141570000097, -7.291115987999945, 0.0 ], [ 112.649179164000088, -7.29202296099993, 0.0 ], [ 112.64968598400003, -7.291862723999941, 0.0 ], [ 112.649759752000023, -7.291595313999949, 0.0 ], [ 112.650255101000084, -7.291096464999953, 0.0 ], [ 112.650540389000071, -7.291066133999948, 0.0 ], [ 112.650923269000032, -7.29060566499993, 0.0 ], [ 112.651599794000049, -7.290703905999976, 0.0 ], [ 112.651959609000073, -7.290103846999955, 0.0 ], [ 112.652603417000023, -7.289669907999951, 0.0 ], [ 112.65368963800006, -7.290472152999939, 0.0 ], [ 112.653914277000013, -7.29116978899998, 0.0 ], [ 112.654514712000037, -7.291583086999935, 0.0 ], [ 112.655425337000111, -7.291832002999968, 0.0 ], [ 112.656535771000108, -7.291826188999948, 0.0 ], [ 112.656493309000098, -7.292300780999938, 0.0 ], [ 112.657486977000076, -7.293009336999944, 0.0 ], [ 112.658021760000111, -7.293042629999945, 0.0 ], [ 112.658501149000017, -7.293931704999977, 0.0 ], [ 112.659115149000058, -7.29367749599993, 0.0 ], [ 112.658920671000033, -7.292980478999937, 0.0 ], [ 112.659810594000078, -7.292850194999971, 0.0 ], [ 112.659804241000074, -7.293537552999965, 0.0 ], [ 112.661237394000068, -7.293564831999959, 0.0 ], [ 112.66150269100001, -7.293256575999976, 0.0 ], [ 112.662840712000047, -7.293526931999963, 0.0 ], [ 112.662974931, -7.294304354999952, 0.0 ], [ 112.663260674000071, -7.29423522999997, 0.0 ], [ 112.66332369600002, -7.29459868899994, 0.0 ], [ 112.663996434000069, -7.294863354999961, 0.0 ], [ 112.665339150000023, -7.292645251999943, 0.0 ], [ 112.667676949000111, -7.293235007999954, 0.0 ], [ 112.667706645000067, -7.29284499299996, 0.0 ], [ 112.667984223000076, -7.292366368999978, 0.0 ], [ 112.668579863000105, -7.292137982999975, 0.0 ], [ 112.669502699000077, -7.292045618999964, 0.0 ], [ 112.670545848000074, -7.292239744999961, 0.0 ], [ 112.671251437000024, -7.292100719999951, 0.0 ], [ 112.671955983000089, -7.293532169999935, 0.0 ], [ 112.67185599700008, -7.294196638999949, 0.0 ], [ 112.671564465000074, -7.294395787999974, 0.0 ], [ 112.671563176000063, -7.29457135499996, 0.0 ], [ 112.672245767000049, -7.294854138999938, 0.0 ], [ 112.672660025000027, -7.295510374999935, 0.0 ], [ 112.673238540000057, -7.295950557999959, 0.0 ], [ 112.673363479000045, -7.296757763999949, 0.0 ], [ 112.673679697000011, -7.297457633999954, 0.0 ], [ 112.673774901000115, -7.298068993999948, 0.0 ], [ 112.673224220000066, -7.29908258699993, 0.0 ], [ 112.6729138500001, -7.301783006999926, 0.0 ], [ 112.672973802000115, -7.302302056999963, 0.0 ], [ 112.673658967000051, -7.303345562999937, 0.0 ], [ 112.673884348000115, -7.304561363999937, 0.0 ], [ 112.673833374000083, -7.305091039999979, 0.0 ], [ 112.67428007400008, -7.306654699999967, 0.0 ], [ 112.673910423000052, -7.30897878199994, 0.0 ], [ 112.67349398600004, -7.30996887799995, 0.0 ], [ 112.673426935000066, -7.311565680999934, 0.0 ], [ 112.672857179000061, -7.314208082999926, 0.0 ], [ 112.671581966000076, -7.31680506999993, 0.0 ], [ 112.671571440000093, -7.317006342999946, 0.0 ] ] ] } },
{ "type": "Feature", "properties": { "kecamatan": "Mulyorejo" }, "geometry": { "type": "MultiPolygon", "coordinates": [ [ [ [ 112.77150365500006, -7.285249419999957, 0.0 ], [ 112.773715457000094, -7.285436261999962, 0.0 ], [ 112.772480463000079, -7.289401811999937, 0.0 ], [ 112.770682144000034, -7.289543956999978, 0.0 ], [ 112.77119884800004, -7.287641601999951, 0.0 ], [ 112.77150365500006, -7.285249419999957, 0.0 ] ] ], [ [ [ 112.784337891000064, -7.280169745999956, 0.0 ], [ 112.786069628000064, -7.279931247999968, 0.0 ], [ 112.786150248000013, -7.280505486999971, 0.0 ], [ 112.785982993000061, -7.281830257999957, 0.0 ], [ 112.785774844000116, -7.281902849999938, 0.0 ], [ 112.785288975000071, -7.284160010999926, 0.0 ], [ 112.784032854000088, -7.284193004999963, 0.0 ], [ 112.784027298000069, -7.284416626999928, 0.0 ], [ 112.781794866000041, -7.284597235999968, 0.0 ], [ 112.781824535000055, -7.28260981699998, 0.0 ], [ 112.780816205000065, -7.282537832999935, 0.0 ], [ 112.78080104300011, -7.282066647999955, 0.0 ], [ 112.778271778000089, -7.282298259999948, 0.0 ], [ 112.776523275000045, -7.282259914999941, 0.0 ], [ 112.771936552000057, -7.281384701999968, 0.0 ], [ 112.771944606000034, -7.28097100399998, 0.0 ], [ 112.770564179000075, -7.280861577999929, 0.0 ], [ 112.770439492000037, -7.281978295999977, 0.0 ], [ 112.770198769000103, -7.281993591999935, 0.0 ], [ 112.769624977000035, -7.284134526999935, 0.0 ], [ 112.769572578000066, -7.284518692999939, 0.0 ], [ 112.769809932000044, -7.284560825999961, 0.0 ], [ 112.769730162000087, -7.285296761999973, 0.0 ], [ 112.765459220000025, -7.284907958999952, 0.0 ], [ 112.765400007000039, -7.285389037999948, 0.0 ], [ 112.765134568, -7.285369986999967, 0.0 ], [ 112.764884416000086, -7.28710770899994, 0.0 ], [ 112.764497383000048, -7.287025810999978, 0.0 ], [ 112.763880418000099, -7.289200557999948, 0.0 ], [ 112.76365967400011, -7.289355588999967, 0.0 ], [ 112.763649275000034, -7.289522025999929, 0.0 ], [ 112.763863615000105, -7.289558444999955, 0.0 ], [ 112.763876561000075, -7.290172730999927, 0.0 ], [ 112.763643368000089, -7.290092782999977, 0.0 ], [ 112.763048566000066, -7.290887761999954, 0.0 ], [ 112.762735753000015, -7.290718974999947, 0.0 ], [ 112.76315292400011, -7.288107529999934, 0.0 ], [ 112.763121481000098, -7.28704364999993, 0.0 ], [ 112.762153234000039, -7.282984385999953, 0.0 ], [ 112.762322248000032, -7.277222636999966, 0.0 ], [ 112.764699165000025, -7.277437002999932, 0.0 ], [ 112.764431577000096, -7.279123543999958, 0.0 ], [ 112.764485241000102, -7.279634815999941, 0.0 ], [ 112.772212214000092, -7.280535907999933, 0.0 ], [ 112.772918878000041, -7.274646312999948, 0.0 ], [ 112.774216367, -7.268430230999968, 0.0 ], [ 112.774375467000027, -7.26843785899996, 0.0 ], [ 112.774439627000106, -7.268102644999942, 0.0 ], [ 112.774987404000058, -7.268082389999961, 0.0 ], [ 112.775074066000116, -7.267517236999936, 0.0 ], [ 112.775495206000073, -7.267630415999975, 0.0 ], [ 112.775532185000088, -7.267285784999956, 0.0 ], [ 112.775899023000079, -7.267355519999967, 0.0 ], [ 112.775906147000114, -7.26713915299996, 0.0 ], [ 112.776294030000031, -7.267281245999925, 0.0 ], [ 112.776413107000053, -7.266855910999936, 0.0 ], [ 112.77787378000005, -7.266791337999962, 0.0 ], [ 112.778105700000083, -7.266063179999946, 0.0 ], [ 112.777889859000084, -7.266006612999945, 0.0 ], [ 112.777856526000051, -7.265449343999933, 0.0 ], [ 112.776359213000092, -7.264520811999944, 0.0 ], [ 112.776395174000072, -7.264090203999956, 0.0 ], [ 112.776711918000046, -7.264119281999967, 0.0 ], [ 112.777228109000021, -7.262734529999932, 0.0 ], [ 112.775599560000046, -7.261896913999976, 0.0 ], [ 112.775081180000029, -7.262723837999943, 0.0 ], [ 112.774603153000044, -7.26239796699997, 0.0 ], [ 112.774290255000096, -7.262638416999948, 0.0 ], [ 112.773959037000054, -7.262603826999964, 0.0 ], [ 112.774133201000041, -7.261806760999946, 0.0 ], [ 112.774539059000062, -7.261160415999939, 0.0 ], [ 112.774365491000026, -7.26088598299998, 0.0 ], [ 112.775055408000071, -7.259651265999935, 0.0 ], [ 112.775048569000091, -7.259295841999972, 0.0 ], [ 112.77528777100008, -7.259201607999955, 0.0 ], [ 112.775426472000049, -7.258772357999931, 0.0 ], [ 112.775941597000042, -7.258604767999941, 0.0 ], [ 112.776298576000045, -7.258696474999965, 0.0 ], [ 112.777951470000062, -7.25431290299997, 0.0 ], [ 112.780971623000028, -7.254870226999969, 0.0 ], [ 112.782321360000083, -7.253290429999936, 0.0 ], [ 112.780296472000032, -7.252542415999926, 0.0 ], [ 112.783396130000028, -7.249616486999969, 0.0 ], [ 112.783624099, -7.248952335999945, 0.0 ], [ 112.786508721000018, -7.249499281999931, 0.0 ], [ 112.786557935000019, -7.249349891999941, 0.0 ], [ 112.78669465400003, -7.249392413999942, 0.0 ], [ 112.786638122000113, -7.249636648999967, 0.0 ], [ 112.787463456000069, -7.24994917999993, 0.0 ], [ 112.787611644000094, -7.24932537199993, 0.0 ], [ 112.788740009000094, -7.249781755999948, 0.0 ], [ 112.789053946000081, -7.248525470999937, 0.0 ], [ 112.789445724000075, -7.248555617999955, 0.0 ], [ 112.789637550000066, -7.24786366099994, 0.0 ], [ 112.792805717000078, -7.248271085999932, 0.0 ], [ 112.792584880000049, -7.251192076999928, 0.0 ], [ 112.791537887000118, -7.250997208999934, 0.0 ], [ 112.791495538000049, -7.251250717999937, 0.0 ], [ 112.791971029000024, -7.251352385999951, 0.0 ], [ 112.791821956000035, -7.251924368999937, 0.0 ], [ 112.803970743000036, -7.255307869999967, 0.0 ], [ 112.806550525000034, -7.255823904999943, 0.0 ], [ 112.806771573000105, -7.255614433999938, 0.0 ], [ 112.810730204000038, -7.254211242999929, 0.0 ], [ 112.811693121000076, -7.25417869499995, 0.0 ], [ 112.812341025000023, -7.25444882499994, 0.0 ], [ 112.81252857000004, -7.254620315999944, 0.0 ], [ 112.81257439, -7.255294739999954, 0.0 ], [ 112.812905329000046, -7.255379538999932, 0.0 ], [ 112.814307677000102, -7.253809426999965, 0.0 ], [ 112.81606182500002, -7.252602014999979, 0.0 ], [ 112.816104773, -7.249342390999971, 0.0 ], [ 112.816434867000112, -7.249847125999963, 0.0 ], [ 112.816949459000057, -7.250172132999978, 0.0 ], [ 112.820346022000081, -7.251159257999973, 0.0 ], [ 112.820783149000022, -7.251670067999953, 0.0 ], [ 112.821739587000025, -7.252461924999977, 0.0 ], [ 112.822711184000013, -7.253015969999979, 0.0 ], [ 112.822732329000019, -7.253231395999933, 0.0 ], [ 112.823055588000102, -7.253295185999946, 0.0 ], [ 112.823673833000043, -7.253955145999953, 0.0 ], [ 112.82402481500003, -7.254788297999937, 0.0 ], [ 112.823843224000029, -7.255374810999967, 0.0 ], [ 112.824206095000022, -7.254843978999929, 0.0 ], [ 112.824330834000079, -7.254886868999961, 0.0 ], [ 112.822725290000108, -7.257480407999935, 0.0 ], [ 112.824149326000111, -7.255400098999928, 0.0 ], [ 112.824602457000083, -7.254875954999932, 0.0 ], [ 112.824812856000108, -7.254923924999957, 0.0 ], [ 112.825602666, -7.255609045999961, 0.0 ], [ 112.825773309000056, -7.255496084999947, 0.0 ], [ 112.826792622000085, -7.256116820999978, 0.0 ], [ 112.82761490300004, -7.256770890999974, 0.0 ], [ 112.827694050000105, -7.25700163099998, 0.0 ], [ 112.828573469000048, -7.257262776999937, 0.0 ], [ 112.828562894000015, -7.257513524999979, 0.0 ], [ 112.829191140000034, -7.257717584999966, 0.0 ], [ 112.829241239000112, -7.257928553999932, 0.0 ], [ 112.829638304000014, -7.257975166999927, 0.0 ], [ 112.829671719000089, -7.258119668999939, 0.0 ], [ 112.829887971000062, -7.258107226999925, 0.0 ], [ 112.83030932500003, -7.258429515999978, 0.0 ], [ 112.831073415000105, -7.258496824999952, 0.0 ], [ 112.831293195000057, -7.258640575999948, 0.0 ], [ 112.831246038000018, -7.258865328999946, 0.0 ], [ 112.831504873000085, -7.258717290999925, 0.0 ], [ 112.83160896000004, -7.259140058999947, 0.0 ], [ 112.83172012600005, -7.258784765999962, 0.0 ], [ 112.832203738000089, -7.258742315999939, 0.0 ], [ 112.833562554000082, -7.259499067999968, 0.0 ], [ 112.83479258400007, -7.261040107999975, 0.0 ], [ 112.835210117000088, -7.262244209999949, 0.0 ], [ 112.835478331000104, -7.262424403999944, 0.0 ], [ 112.835971773000097, -7.263455436999948, 0.0 ], [ 112.835940380000011, -7.263968542999976, 0.0 ], [ 112.836239158000012, -7.264858537999942, 0.0 ], [ 112.836026248000053, -7.265887949999978, 0.0 ], [ 112.836221732000013, -7.266150611999933, 0.0 ], [ 112.835972079000044, -7.266340774999946, 0.0 ], [ 112.836090465000098, -7.266324224999948, 0.0 ], [ 112.836036924000041, -7.266456221999931, 0.0 ], [ 112.836407922000035, -7.266344152999977, 0.0 ], [ 112.83700004800005, -7.267102223999927, 0.0 ], [ 112.836970957000062, -7.26738925799998, 0.0 ], [ 112.835386942000014, -7.267556741999954, 0.0 ], [ 112.831677035000098, -7.268376577999959, 0.0 ], [ 112.830862596000088, -7.268785866999963, 0.0 ], [ 112.830967110000074, -7.269150163999939, 0.0 ], [ 112.830122036000034, -7.269777505999969, 0.0 ], [ 112.829822040000067, -7.269702847999952, 0.0 ], [ 112.825847286000112, -7.270361431999959, 0.0 ], [ 112.822981459000061, -7.271338380999964, 0.0 ], [ 112.822494084000027, -7.271638503999952, 0.0 ], [ 112.818337517000032, -7.272394362999933, 0.0 ], [ 112.816778207000084, -7.273428979999949, 0.0 ], [ 112.816463793000025, -7.274238098999945, 0.0 ], [ 112.814605490000076, -7.276785721999943, 0.0 ], [ 112.813735976000089, -7.277685019999979, 0.0 ], [ 112.812823482000113, -7.279032338999968, 0.0 ], [ 112.812044480000054, -7.280650579999929, 0.0 ], [ 112.811660785000072, -7.281082192999975, 0.0 ], [ 112.808744298000079, -7.282517672999973, 0.0 ], [ 112.807546026000068, -7.283283904999962, 0.0 ], [ 112.80624462600008, -7.284381162999978, 0.0 ], [ 112.80371320800009, -7.285150440999928, 0.0 ], [ 112.802248347000045, -7.284932579999975, 0.0 ], [ 112.801810107000051, -7.284619307999947, 0.0 ], [ 112.80068187300003, -7.28436783099994, 0.0 ], [ 112.801016081000057, -7.283465823999961, 0.0 ], [ 112.800968318000059, -7.28320406399996, 0.0 ], [ 112.801300464000064, -7.282686020999961, 0.0 ], [ 112.801383094000016, -7.280729440999949, 0.0 ], [ 112.801260504000084, -7.280027208999968, 0.0 ], [ 112.800976937000087, -7.279968901999951, 0.0 ], [ 112.799405074000106, -7.274344053999926, 0.0 ], [ 112.797030542000016, -7.274668677999955, 0.0 ], [ 112.787513390000072, -7.276699630999929, 0.0 ], [ 112.786247377000109, -7.276854868999976, 0.0 ], [ 112.786179320000088, -7.27646823699996, 0.0 ], [ 112.783862057000078, -7.276946431999932, 0.0 ], [ 112.784337891000064, -7.280169745999956, 0.0 ] ] ] ] } },
{ "type": "Feature", "properties": { "kecamatan": "Pabean Cantian" }, "geometry": { "type": "Polygon", "coordinates": [ [ [ 112.744991288000051, -7.238688064999963, 0.0 ], [ 112.745270255000037, -7.240213289999929, 0.0 ], [ 112.74586629700002, -7.241727111999978, 0.0 ], [ 112.747077207000075, -7.242866602999925, 0.0 ], [ 112.747324251, -7.243394078999927, 0.0 ], [ 112.747352917000057, -7.245238438999934, 0.0 ], [ 112.747559157000069, -7.24653666699993, 0.0 ], [ 112.746811225000101, -7.248313922999955, 0.0 ], [ 112.743604303000097, -7.248133718999952, 0.0 ], [ 112.742131106000102, -7.247749918999943, 0.0 ], [ 112.742778522000094, -7.246363551999934, 0.0 ], [ 112.743047350000097, -7.24525009599995, 0.0 ], [ 112.742553075000046, -7.243963809999968, 0.0 ], [ 112.742257545000029, -7.24373886799998, 0.0 ], [ 112.740758880000044, -7.243694365999943, 0.0 ], [ 112.740003442000102, -7.243485537999959, 0.0 ], [ 112.739133320000064, -7.242419497999947, 0.0 ], [ 112.738827170000036, -7.240709382999967, 0.0 ], [ 112.738010141000018, -7.239420912999947, 0.0 ], [ 112.7377679330001, -7.238703463999968, 0.0 ], [ 112.738874624, -7.234298449999926, 0.0 ], [ 112.738240928000096, -7.232249455999977, 0.0 ], [ 112.738228548000052, -7.231579547999957, 0.0 ], [ 112.737675522000018, -7.231635174999951, 0.0 ], [ 112.737624641000025, -7.231400140999938, 0.0 ], [ 112.73482754500003, -7.230652912999972, 0.0 ], [ 112.734307020000074, -7.232358225999974, 0.0 ], [ 112.735438803000079, -7.23263333999995, 0.0 ], [ 112.735258030000068, -7.233975642999951, 0.0 ], [ 112.731267680000087, -7.232417631999965, 0.0 ], [ 112.731079263000083, -7.232449957999961, 0.0 ], [ 112.730909205000103, -7.23437454499998, 0.0 ], [ 112.730768820000094, -7.234437278999962, 0.0 ], [ 112.728322972000115, -7.232322176999958, 0.0 ], [ 112.731751516000031, -7.225081271999954, 0.0 ], [ 112.732047156000021, -7.224081352999974, 0.0 ], [ 112.732499238000059, -7.220577197999944, 0.0 ], [ 112.731718952000051, -7.220752407999953, 0.0 ], [ 112.731047430000103, -7.221241960999976, 0.0 ], [ 112.730552734000071, -7.220255111999961, 0.0 ], [ 112.729663189, -7.219416383999942, 0.0 ], [ 112.729301570000075, -7.218814886999951, 0.0 ], [ 112.727090413000042, -7.217474139999979, 0.0 ], [ 112.72578085400005, -7.216030774999979, 0.0 ], [ 112.722341340000071, -7.208697584999925, 0.0 ], [ 112.721227082000041, -7.209218818999943, 0.0 ], [ 112.719606942000041, -7.20633993499996, 0.0 ], [ 112.719558492000033, -7.206196576999957, 0.0 ], [ 112.719825900000046, -7.205961120999973, 0.0 ], [ 112.717570429000034, -7.201160981999976, 0.0 ], [ 112.717525870000031, -7.200778373999981, 0.0 ], [ 112.718141877000107, -7.200240175999966, 0.0 ], [ 112.717505268000082, -7.199122946999978, 0.0 ], [ 112.719038434000026, -7.199141114999975, 0.0 ], [ 112.720061659000066, -7.198601384999961, 0.0 ], [ 112.725847554000097, -7.209593921999954, 0.0 ], [ 112.726872383000114, -7.209475217999966, 0.0 ], [ 112.727159623000034, -7.209416716999954, 0.0 ], [ 112.727072388000011, -7.209153889999925, 0.0 ], [ 112.724405530000013, -7.203278807999936, 0.0 ], [ 112.725476445000027, -7.202681469999959, 0.0 ], [ 112.72865325500004, -7.209109635999937, 0.0 ], [ 112.730462867000028, -7.208743937999941, 0.0 ], [ 112.730374469000026, -7.208174897999982, 0.0 ], [ 112.729919477000067, -7.208214897999937, 0.0 ], [ 112.729800283000031, -7.207105306999949, 0.0 ], [ 112.732697022000025, -7.206630225999959, 0.0 ], [ 112.732187992000036, -7.203794852999977, 0.0 ], [ 112.732604471000059, -7.203707150999946, 0.0 ], [ 112.732116501000064, -7.201369301999932, 0.0 ], [ 112.731728061000013, -7.201270293999926, 0.0 ], [ 112.730976350000105, -7.201392754999972, 0.0 ], [ 112.730579472000045, -7.200332061999973, 0.0 ], [ 112.732034854000062, -7.200053829999945, 0.0 ], [ 112.731976093000071, -7.199719125999934, 0.0 ], [ 112.731731724000042, -7.199710481999944, 0.0 ], [ 112.731425473000058, -7.198544182999967, 0.0 ], [ 112.72434897800008, -7.19972400599994, 0.0 ], [ 112.723630028000116, -7.198372649999953, 0.0 ], [ 112.72361916400007, -7.198032978999947, 0.0 ], [ 112.731724699000097, -7.196595694999928, 0.0 ], [ 112.734272314, -7.196298971999965, 0.0 ], [ 112.7356604900001, -7.201030514999957, 0.0 ], [ 112.73721054900011, -7.209259005999968, 0.0 ], [ 112.737424650000094, -7.209222952999937, 0.0 ], [ 112.737518271000113, -7.209749530999943, 0.0 ], [ 112.738146504000042, -7.223892124999963, 0.0 ], [ 112.738374217000114, -7.223791397999946, 0.0 ], [ 112.739234402000079, -7.224777341999925, 0.0 ], [ 112.740979561000017, -7.225398667999968, 0.0 ], [ 112.740886989000046, -7.227169388999926, 0.0 ], [ 112.741444199000057, -7.227351704999933, 0.0 ], [ 112.741477804000056, -7.23012092099998, 0.0 ], [ 112.740845197000112, -7.230139248999933, 0.0 ], [ 112.741174138000019, -7.233771916999956, 0.0 ], [ 112.74151748700001, -7.233973950999939, 0.0 ], [ 112.742840474000104, -7.234131567999952, 0.0 ], [ 112.742891987, -7.233819379999943, 0.0 ], [ 112.743322217000014, -7.236060523999981, 0.0 ], [ 112.744217678000041, -7.237176696999938, 0.0 ], [ 112.744991288000051, -7.238688064999963, 0.0 ] ] ] } },
{ "type": "Feature", "properties": { "kecamatan": "Pakal" }, "geometry": { "type": "Polygon", "coordinates": [ [ [ 112.635168432000114, -7.22484140399996, 0.0 ], [ 112.634365407000018, -7.226959313999942, 0.0 ], [ 112.634341641000105, -7.228497627999957, 0.0 ], [ 112.634007626000084, -7.229508137999971, 0.0 ], [ 112.633860685000059, -7.230659728999967, 0.0 ], [ 112.633397574000014, -7.23178822999995, 0.0 ], [ 112.633357471000068, -7.232628121999937, 0.0 ], [ 112.633599058000073, -7.233854578999967, 0.0 ], [ 112.633005596000089, -7.234710809999967, 0.0 ], [ 112.633438726, -7.234873835999963, 0.0 ], [ 112.632830689000116, -7.236039244999972, 0.0 ], [ 112.632313765000049, -7.23819429699995, 0.0 ], [ 112.633641459000046, -7.239646532999927, 0.0 ], [ 112.633337451000102, -7.239924660999975, 0.0 ], [ 112.632862460000069, -7.241142214999968, 0.0 ], [ 112.631777170000078, -7.243141406999939, 0.0 ], [ 112.633447984000099, -7.244068464999941, 0.0 ], [ 112.632856063000077, -7.245355330999928, 0.0 ], [ 112.633145055000114, -7.245770576999973, 0.0 ], [ 112.632733543000086, -7.246110417999944, 0.0 ], [ 112.632605092000063, -7.246735741999942, 0.0 ], [ 112.633343509000042, -7.24699001099998, 0.0 ], [ 112.633182663000071, -7.247510151999961, 0.0 ], [ 112.633606005000047, -7.247764219999965, 0.0 ], [ 112.633325243000058, -7.248209280999959, 0.0 ], [ 112.633729482000035, -7.248388202999934, 0.0 ], [ 112.633343586000024, -7.249006841999972, 0.0 ], [ 112.632751435000046, -7.249226311999962, 0.0 ], [ 112.631761063000113, -7.250383392999936, 0.0 ], [ 112.63045898900009, -7.253682082999944, 0.0 ], [ 112.632289339000067, -7.258742228999949, 0.0 ], [ 112.631243433, -7.260227175999944, 0.0 ], [ 112.629028756000025, -7.259682459999965, 0.0 ], [ 112.628991430000042, -7.259862607999935, 0.0 ], [ 112.62807714500002, -7.259859023999979, 0.0 ], [ 112.627492368000048, -7.260124235999967, 0.0 ], [ 112.626349882000113, -7.260090050999963, 0.0 ], [ 112.625643838000087, -7.259897356999943, 0.0 ], [ 112.625290131000042, -7.260677604999955, 0.0 ], [ 112.625136912000016, -7.260710690999929, 0.0 ], [ 112.622255947000099, -7.259578354999974, 0.0 ], [ 112.622154557000044, -7.259365787999968, 0.0 ], [ 112.620278949000067, -7.25833364999994, 0.0 ], [ 112.618343586000037, -7.257719130999931, 0.0 ], [ 112.618375907000086, -7.255683888999954, 0.0 ], [ 112.617147271000022, -7.255238117999966, 0.0 ], [ 112.615227948000097, -7.254852454999934, 0.0 ], [ 112.61524686100006, -7.254739558999972, 0.0 ], [ 112.614588268000034, -7.254555420999964, 0.0 ], [ 112.614067179000017, -7.254643702999942, 0.0 ], [ 112.613962813000057, -7.253069842999935, 0.0 ], [ 112.614650737000034, -7.25097120099997, 0.0 ], [ 112.613184377000039, -7.250709548999964, 0.0 ], [ 112.613213883000071, -7.250328046999925, 0.0 ], [ 112.61264011600008, -7.249688981999952, 0.0 ], [ 112.608665286000019, -7.248776952999947, 0.0 ], [ 112.608292194000114, -7.248643487999971, 0.0 ], [ 112.608302238000078, -7.248155986999961, 0.0 ], [ 112.607625902000109, -7.247960301999967, 0.0 ], [ 112.607501098000057, -7.24827240299993, 0.0 ], [ 112.607190561000039, -7.248171505999949, 0.0 ], [ 112.606947086000105, -7.248804736999944, 0.0 ], [ 112.606606473000056, -7.24869138899993, 0.0 ], [ 112.606475961000115, -7.248996507999948, 0.0 ], [ 112.606843042000037, -7.249132675999931, 0.0 ], [ 112.606699962000107, -7.249631802999943, 0.0 ], [ 112.606330694, -7.249692535999941, 0.0 ], [ 112.605913817000101, -7.250773629999969, 0.0 ], [ 112.605603917000053, -7.250707825999939, 0.0 ], [ 112.605678659000091, -7.250502286999961, 0.0 ], [ 112.60519915000009, -7.25028643099995, 0.0 ], [ 112.605287376000092, -7.249929065999936, 0.0 ], [ 112.604130323000049, -7.249565666999956, 0.0 ], [ 112.604244179000034, -7.248884134999969, 0.0 ], [ 112.603912215000037, -7.248888894999936, 0.0 ], [ 112.603902019000088, -7.248038405999978, 0.0 ], [ 112.603348164000067, -7.247715082999946, 0.0 ], [ 112.603192163000017, -7.247322469999972, 0.0 ], [ 112.602234043000067, -7.246910751999962, 0.0 ], [ 112.601845335, -7.246546537999961, 0.0 ], [ 112.601794835000078, -7.246250040999939, 0.0 ], [ 112.602534466000066, -7.245479349999925, 0.0 ], [ 112.6033142120001, -7.245472015999951, 0.0 ], [ 112.603356936000068, -7.244749610999975, 0.0 ], [ 112.603952605000018, -7.24322471399995, 0.0 ], [ 112.60441030000004, -7.242954594999958, 0.0 ], [ 112.604856698000049, -7.242395120999959, 0.0 ], [ 112.605295739000098, -7.242566512999929, 0.0 ], [ 112.606030033000025, -7.24139318899995, 0.0 ], [ 112.606174212000042, -7.241383678999966, 0.0 ], [ 112.606483876000084, -7.240472228999977, 0.0 ], [ 112.606427601000064, -7.23975842699997, 0.0 ], [ 112.607193850000044, -7.237234916999967, 0.0 ], [ 112.606036257000028, -7.236845377999941, 0.0 ], [ 112.606247993000011, -7.236511648999965, 0.0 ], [ 112.606244703000016, -7.235848320999935, 0.0 ], [ 112.605662202000076, -7.235497128999953, 0.0 ], [ 112.605831935000083, -7.23474915099996, 0.0 ], [ 112.605320003000088, -7.23479608699995, 0.0 ], [ 112.605196156000034, -7.234649652999963, 0.0 ], [ 112.60515247, -7.23417485799996, 0.0 ], [ 112.604887355000074, -7.233880111999952, 0.0 ], [ 112.605005269000117, -7.233339064999939, 0.0 ], [ 112.604592076000017, -7.233361454999965, 0.0 ], [ 112.604588515000046, -7.232903133999969, 0.0 ], [ 112.6037523870001, -7.232619676999946, 0.0 ], [ 112.603471679000108, -7.232249345999946, 0.0 ], [ 112.602997751000089, -7.232073810999964, 0.0 ], [ 112.602815568000096, -7.232076894999977, 0.0 ], [ 112.602533817000108, -7.232507347999956, 0.0 ], [ 112.602307397000118, -7.232380206999949, 0.0 ], [ 112.602196633000062, -7.232554180999955, 0.0 ], [ 112.601883238000028, -7.232409342999972, 0.0 ], [ 112.601025948000029, -7.232583959999943, 0.0 ], [ 112.600039060000086, -7.232358398999963, 0.0 ], [ 112.600239894000083, -7.231435760999943, 0.0 ], [ 112.59920632, -7.231046612999933, 0.0 ], [ 112.599475208000058, -7.229922588999955, 0.0 ], [ 112.598835898000061, -7.229603109999971, 0.0 ], [ 112.598936338000044, -7.228944698999953, 0.0 ], [ 112.598316872000055, -7.228840255999955, 0.0 ], [ 112.597747569000035, -7.228412787999957, 0.0 ], [ 112.597758510000062, -7.228253887999927, 0.0 ], [ 112.598596991000022, -7.227901034999945, 0.0 ], [ 112.59881064800004, -7.227420513999959, 0.0 ], [ 112.598767233000103, -7.227019972999926, 0.0 ], [ 112.598453023000047, -7.226641597999958, 0.0 ], [ 112.597682654000096, -7.226161631999958, 0.0 ], [ 112.59717730400007, -7.223844259999964, 0.0 ], [ 112.596945229000085, -7.223471558999961, 0.0 ], [ 112.596439014000111, -7.223322444999951, 0.0 ], [ 112.593770658000039, -7.22331510999993, 0.0 ], [ 112.592503641, -7.223758741999973, 0.0 ], [ 112.591770230000066, -7.22347453499998, 0.0 ], [ 112.591493958000115, -7.22269257399995, 0.0 ], [ 112.591638659000068, -7.221851997999977, 0.0 ], [ 112.591530759000079, -7.220221758999969, 0.0 ], [ 112.590321395000046, -7.21611676699996, 0.0 ], [ 112.590313594, -7.215252221999947, 0.0 ], [ 112.590107680000074, -7.21515110699994, 0.0 ], [ 112.590438960000029, -7.214040194999939, 0.0 ], [ 112.590761153000017, -7.214135131999967, 0.0 ], [ 112.590889425000114, -7.214370105999933, 0.0 ], [ 112.591606040000102, -7.214457922999941, 0.0 ], [ 112.592755301000011, -7.215223459999947, 0.0 ], [ 112.593765964000113, -7.215131411999948, 0.0 ], [ 112.594251159, -7.215430627999979, 0.0 ], [ 112.594670569000073, -7.216990794999958, 0.0 ], [ 112.595077542000013, -7.217572494999956, 0.0 ], [ 112.595540913000036, -7.218816193999942, 0.0 ], [ 112.595789815000103, -7.220983340999965, 0.0 ], [ 112.597177594000073, -7.222392315999969, 0.0 ], [ 112.597608571000023, -7.223024072999976, 0.0 ], [ 112.597505279000075, -7.223237702999938, 0.0 ], [ 112.598154168000065, -7.223362725999948, 0.0 ], [ 112.598375985000075, -7.223143038999979, 0.0 ], [ 112.599219973000118, -7.223307082999952, 0.0 ], [ 112.599346419000085, -7.222849363999956, 0.0 ], [ 112.599243634000118, -7.222591272999978, 0.0 ], [ 112.597689150000065, -7.220867307999981, 0.0 ], [ 112.597526320000043, -7.220389848999957, 0.0 ], [ 112.597526520000088, -7.219450409999979, 0.0 ], [ 112.59811245700007, -7.218641008999953, 0.0 ], [ 112.598356885000044, -7.218826168999954, 0.0 ], [ 112.59895455100002, -7.218158016999951, 0.0 ], [ 112.600952968000115, -7.217419702999962, 0.0 ], [ 112.601224372000047, -7.216782552999973, 0.0 ], [ 112.601128513000049, -7.216193782999937, 0.0 ], [ 112.599863411000115, -7.215240549999976, 0.0 ], [ 112.599260961000027, -7.215186409999944, 0.0 ], [ 112.598454153000034, -7.215465691999952, 0.0 ], [ 112.597493977000113, -7.216211274999978, 0.0 ], [ 112.596717114000057, -7.216050674999963, 0.0 ], [ 112.596077498000113, -7.216140698999936, 0.0 ], [ 112.595702299000095, -7.215870780999978, 0.0 ], [ 112.594728606000103, -7.214582782999969, 0.0 ], [ 112.596831460000089, -7.21288925999994, 0.0 ], [ 112.597940906000076, -7.212364194999964, 0.0 ], [ 112.598612624000111, -7.212338985999963, 0.0 ], [ 112.599183614000026, -7.213287923999928, 0.0 ], [ 112.599542678000034, -7.213527828999929, 0.0 ], [ 112.600065935000089, -7.213593430999936, 0.0 ], [ 112.600578161000044, -7.213451053999961, 0.0 ], [ 112.600905819000104, -7.212895574999948, 0.0 ], [ 112.600971535000099, -7.211953480999966, 0.0 ], [ 112.600628018000066, -7.210200837999935, 0.0 ], [ 112.599287539000102, -7.208563966999975, 0.0 ], [ 112.59860401800006, -7.207261678999942, 0.0 ], [ 112.597865575000014, -7.206684777999953, 0.0 ], [ 112.596834491000095, -7.206963361999954, 0.0 ], [ 112.596170584000106, -7.206602221999958, 0.0 ], [ 112.596432385000071, -7.205441367999981, 0.0 ], [ 112.597098483000082, -7.204252499999939, 0.0 ], [ 112.597619579000025, -7.203840580999952, 0.0 ], [ 112.600393929, -7.202590780999969, 0.0 ], [ 112.60142351200011, -7.202470596999945, 0.0 ], [ 112.602176031000113, -7.202972002999957, 0.0 ], [ 112.603445239000052, -7.204278517999967, 0.0 ], [ 112.604044743000031, -7.205201061999958, 0.0 ], [ 112.60466085600001, -7.207348026999966, 0.0 ], [ 112.605089747000079, -7.20765247199995, 0.0 ], [ 112.605436648000023, -7.207628751999948, 0.0 ], [ 112.605986803000064, -7.207087800999943, 0.0 ], [ 112.606590939000057, -7.205749190999938, 0.0 ], [ 112.606655796000041, -7.205101294999963, 0.0 ], [ 112.606254140000033, -7.204260695999949, 0.0 ], [ 112.606681714000047, -7.203028929999959, 0.0 ], [ 112.607115089000104, -7.202517580999938, 0.0 ], [ 112.607987381000044, -7.202337716999978, 0.0 ], [ 112.608025964000035, -7.202691178999942, 0.0 ], [ 112.608967655000015, -7.203673888999958, 0.0 ], [ 112.609367786, -7.204608134999944, 0.0 ], [ 112.60944667800004, -7.205369861999941, 0.0 ], [ 112.609293739, -7.20646249899994, 0.0 ], [ 112.60955375900005, -7.207635410999956, 0.0 ], [ 112.609839266000108, -7.207955055999946, 0.0 ], [ 112.610341883000046, -7.207990912999946, 0.0 ], [ 112.610924362000105, -7.207774772999926, 0.0 ], [ 112.6119699730001, -7.207042994999938, 0.0 ], [ 112.612673246000099, -7.206169698999929, 0.0 ], [ 112.612807140000086, -7.205530820999968, 0.0 ], [ 112.612307981000072, -7.204312423999966, 0.0 ], [ 112.610008882000102, -7.202530296999953, 0.0 ], [ 112.609865196000101, -7.20187163199995, 0.0 ], [ 112.611385010000049, -7.200937925999938, 0.0 ], [ 112.613004012000033, -7.200736340999981, 0.0 ], [ 112.614423987, -7.201306518999957, 0.0 ], [ 112.615112411000041, -7.202289020999956, 0.0 ], [ 112.615142989000105, -7.20355051599995, 0.0 ], [ 112.614397412000017, -7.207136480999964, 0.0 ], [ 112.614688669000088, -7.207700350999971, 0.0 ], [ 112.615267305000089, -7.207732595999971, 0.0 ], [ 112.616434317000085, -7.207387746999927, 0.0 ], [ 112.616968377000035, -7.20695268299994, 0.0 ], [ 112.617253891000018, -7.206137897999952, 0.0 ], [ 112.617303493, -7.204634755999962, 0.0 ], [ 112.617923695000059, -7.20331932199997, 0.0 ], [ 112.618758277000097, -7.202431732999969, 0.0 ], [ 112.62027669400004, -7.201715448999948, 0.0 ], [ 112.620733443000063, -7.202760384999976, 0.0 ], [ 112.620156567000095, -7.205470435999928, 0.0 ], [ 112.619700865000027, -7.206759785999964, 0.0 ], [ 112.619646824000029, -7.207675471999949, 0.0 ], [ 112.619857836000051, -7.208653302999949, 0.0 ], [ 112.620972178000102, -7.208653853999976, 0.0 ], [ 112.624301820000028, -7.207572569999968, 0.0 ], [ 112.624396052000066, -7.208082593999961, 0.0 ], [ 112.625647442000059, -7.209675871999934, 0.0 ], [ 112.625402634000011, -7.210368159999973, 0.0 ], [ 112.62539136700002, -7.211332729999981, 0.0 ], [ 112.626506856000105, -7.211891983999976, 0.0 ], [ 112.62769439300007, -7.211886396999944, 0.0 ], [ 112.627776752000045, -7.213539517999948, 0.0 ], [ 112.627905371000111, -7.213637871999936, 0.0 ], [ 112.626639993000026, -7.216726360999928, 0.0 ], [ 112.626217256000018, -7.217206560999955, 0.0 ], [ 112.626027281, -7.218200063999973, 0.0 ], [ 112.625956709000093, -7.219369792999942, 0.0 ], [ 112.62697309400005, -7.220082267999942, 0.0 ], [ 112.627227696000091, -7.222212923999962, 0.0 ], [ 112.626762235000115, -7.223649760999933, 0.0 ], [ 112.627520306000065, -7.223884731999931, 0.0 ], [ 112.62818053400008, -7.222691020999946, 0.0 ], [ 112.629262937000021, -7.223131334999948, 0.0 ], [ 112.62942505500007, -7.221845, 0.0 ], [ 112.63024173000008, -7.221161968999979, 0.0 ], [ 112.631231916000047, -7.221210955999936, 0.0 ], [ 112.631586629000026, -7.221021373999974, 0.0 ], [ 112.632505908000098, -7.221385400999964, 0.0 ], [ 112.633224791000089, -7.221437755999943, 0.0 ], [ 112.633857294000109, -7.220345339999938, 0.0 ], [ 112.634430806000069, -7.220573869999953, 0.0 ], [ 112.634756921000076, -7.220518227999946, 0.0 ], [ 112.633979900000099, -7.221322444999942, 0.0 ], [ 112.633400429000062, -7.222579699999926, 0.0 ], [ 112.632703965000019, -7.223156271999926, 0.0 ], [ 112.635168432000114, -7.22484140399996, 0.0 ] ] ] } },
{ "type": "Feature", "properties": { "kecamatan": "Rungkut" }, "geometry": { "type": "Polygon", "coordinates": [ [ [ 112.792015567000021, -7.333072339999944, 0.0 ], [ 112.787067212000011, -7.331912810999938, 0.0 ], [ 112.770633492000115, -7.331154980999941, 0.0 ], [ 112.768558115000019, -7.331208869999955, 0.0 ], [ 112.768354900000077, -7.331267834999949, 0.0 ], [ 112.767948834000094, -7.331846476999942, 0.0 ], [ 112.766909396000074, -7.332003180999948, 0.0 ], [ 112.764180999000018, -7.331084028999953, 0.0 ], [ 112.764055792000022, -7.330873400999963, 0.0 ], [ 112.757353250000051, -7.330268507999961, 0.0 ], [ 112.765455473000088, -7.314423850999958, 0.0 ], [ 112.76575131900006, -7.314752749999968, 0.0 ], [ 112.765939601000014, -7.314721349999957, 0.0 ], [ 112.767100778000099, -7.314344563999953, 0.0 ], [ 112.767712681000035, -7.313889699999947, 0.0 ], [ 112.76819927300005, -7.314108792999946, 0.0 ], [ 112.768967997, -7.31357560999993, 0.0 ], [ 112.768857665000041, -7.312792098999978, 0.0 ], [ 112.768355101000111, -7.312212647999957, 0.0 ], [ 112.768307761000074, -7.311805196999956, 0.0 ], [ 112.768730737000055, -7.310457351999958, 0.0 ], [ 112.769472766000035, -7.310273517999974, 0.0 ], [ 112.770711945000016, -7.310398991999932, 0.0 ], [ 112.77164080600005, -7.31140946599993, 0.0 ], [ 112.772690970000099, -7.309010761999957, 0.0 ], [ 112.778839063000078, -7.31067472899997, 0.0 ], [ 112.780928642000049, -7.310701364999943, 0.0 ], [ 112.790693968000028, -7.307633068999962, 0.0 ], [ 112.791847450000091, -7.307497791999936, 0.0 ], [ 112.795877454000106, -7.307941824999943, 0.0 ], [ 112.799893807000103, -7.307920860999957, 0.0 ], [ 112.803126091000081, -7.307517488999963, 0.0 ], [ 112.8039284460001, -7.307693853999979, 0.0 ], [ 112.806053764000012, -7.308714038999938, 0.0 ], [ 112.807584069000086, -7.308623110999974, 0.0 ], [ 112.808203928000012, -7.308223167999927, 0.0 ], [ 112.808493787000089, -7.30774360099997, 0.0 ], [ 112.808403165000072, -7.306874809999954, 0.0 ], [ 112.807252066000046, -7.305747028999974, 0.0 ], [ 112.805980463000083, -7.304010188999939, 0.0 ], [ 112.805889982000053, -7.303341067999952, 0.0 ], [ 112.806029483000088, -7.302442190999955, 0.0 ], [ 112.806948567000063, -7.300833628999953, 0.0 ], [ 112.807658202000084, -7.300084113999958, 0.0 ], [ 112.808867778000035, -7.299074631999929, 0.0 ], [ 112.809437761000027, -7.29886453499995, 0.0 ], [ 112.810137855000107, -7.298734195999941, 0.0 ], [ 112.811238166000066, -7.298863295999979, 0.0 ], [ 112.812058644000103, -7.299282145999939, 0.0 ], [ 112.813169636000111, -7.300180159999968, 0.0 ], [ 112.815470702000084, -7.300947574999952, 0.0 ], [ 112.816321177000077, -7.30138637899995, 0.0 ], [ 112.817622114000073, -7.302294286999938, 0.0 ], [ 112.819273656000064, -7.303851139999949, 0.0 ], [ 112.820234962000086, -7.305258633999927, 0.0 ], [ 112.821215936000044, -7.306296615999941, 0.0 ], [ 112.822086522000063, -7.306845264999936, 0.0 ], [ 112.823377033000043, -7.307074034999971, 0.0 ], [ 112.825427548000107, -7.307092544999932, 0.0 ], [ 112.834041117000083, -7.308953895999935, 0.0 ], [ 112.838012993, -7.310059514999978, 0.0 ], [ 112.839333415000056, -7.310178343999951, 0.0 ], [ 112.840033243000107, -7.309808321999981, 0.0 ], [ 112.841322011000102, -7.307600230999981, 0.0 ], [ 112.843461557000069, -7.30556431399998, 0.0 ], [ 112.843649480000067, -7.305757730999971, 0.0 ], [ 112.844585585, -7.305252860999929, 0.0 ], [ 112.844815371000095, -7.305533237999953, 0.0 ], [ 112.844633714000111, -7.30574418599997, 0.0 ], [ 112.844847426000115, -7.305578426999944, 0.0 ], [ 112.844839069000045, -7.305404995999936, 0.0 ], [ 112.845096795000018, -7.305453438999962, 0.0 ], [ 112.845012925000105, -7.30518866999995, 0.0 ], [ 112.845111121000059, -7.305165983999927, 0.0 ], [ 112.84514445100001, -7.305476231999933, 0.0 ], [ 112.844829397000012, -7.305656386999942, 0.0 ], [ 112.844915436000065, -7.305933093999954, 0.0 ], [ 112.845049807, -7.305887545999951, 0.0 ], [ 112.84496643600005, -7.30612380499997, 0.0 ], [ 112.845619648000024, -7.305980888999954, 0.0 ], [ 112.845635112000082, -7.306140567999933, 0.0 ], [ 112.844796328000029, -7.306181229999936, 0.0 ], [ 112.844971359000056, -7.306473642999947, 0.0 ], [ 112.844658387000095, -7.306485841999972, 0.0 ], [ 112.844639307000079, -7.306739354999934, 0.0 ], [ 112.844950382000093, -7.307001319999927, 0.0 ], [ 112.844791882000095, -7.307246563999968, 0.0 ], [ 112.845322390000092, -7.307070026999952, 0.0 ], [ 112.845409815000039, -7.306906497999933, 0.0 ], [ 112.845483547000072, -7.307171469999957, 0.0 ], [ 112.844753872000069, -7.307260325999948, 0.0 ], [ 112.844770912000058, -7.307929586999933, 0.0 ], [ 112.845388913000079, -7.308148351999932, 0.0 ], [ 112.844669434000025, -7.308175882999933, 0.0 ], [ 112.844535327000017, -7.308325406999927, 0.0 ], [ 112.844550708000043, -7.309249567999927, 0.0 ], [ 112.844811139000058, -7.309525118999943, 0.0 ], [ 112.844215528000063, -7.309821166999939, 0.0 ], [ 112.844555903000014, -7.310515473999942, 0.0 ], [ 112.844210083, -7.310612348999939, 0.0 ], [ 112.844351196000048, -7.310757853999974, 0.0 ], [ 112.844211579000103, -7.310976824999955, 0.0 ], [ 112.844341222000025, -7.311151304999953, 0.0 ], [ 112.844047544000091, -7.311599430999934, 0.0 ], [ 112.844387345000086, -7.31180053199995, 0.0 ], [ 112.843899983000028, -7.312000676999958, 0.0 ], [ 112.843994171000077, -7.312360435999949, 0.0 ], [ 112.844283367000116, -7.312584883999932, 0.0 ], [ 112.843861090000019, -7.312760175999927, 0.0 ], [ 112.844135367000035, -7.312879100999965, 0.0 ], [ 112.844245139, -7.313153459999967, 0.0 ], [ 112.84392484600005, -7.313117165999927, 0.0 ], [ 112.844015193000018, -7.313246968999977, 0.0 ], [ 112.843675955000094, -7.31353618199995, 0.0 ], [ 112.843691135000086, -7.31370534399997, 0.0 ], [ 112.843150464000018, -7.313976578999927, 0.0 ], [ 112.843278575000113, -7.314483727999971, 0.0 ], [ 112.842973870000037, -7.31471639199998, 0.0 ], [ 112.843050111000025, -7.315291731999935, 0.0 ], [ 112.842803285000059, -7.315508249999937, 0.0 ], [ 112.843103295000105, -7.315896454999972, 0.0 ], [ 112.842773352000108, -7.31598024799996, 0.0 ], [ 112.842845645000011, -7.316299597999944, 0.0 ], [ 112.842585424000049, -7.31642938799996, 0.0 ], [ 112.842634320000116, -7.316695318999962, 0.0 ], [ 112.842302192000034, -7.316599770999971, 0.0 ], [ 112.842319019000115, -7.316817198999956, 0.0 ], [ 112.842011970000044, -7.317185106999943, 0.0 ], [ 112.842052088000059, -7.317430101999946, 0.0 ], [ 112.841853087000118, -7.317652208999959, 0.0 ], [ 112.841685408000103, -7.317563942999925, 0.0 ], [ 112.841264913000032, -7.317821668999954, 0.0 ], [ 112.841235657000084, -7.318105997999965, 0.0 ], [ 112.841064175000042, -7.318150089999961, 0.0 ], [ 112.840712275000101, -7.318709101999957, 0.0 ], [ 112.840536144000112, -7.318679447999955, 0.0 ], [ 112.840363351000065, -7.318933990999938, 0.0 ], [ 112.840054760000044, -7.318926573999931, 0.0 ], [ 112.840249645000085, -7.319290260999935, 0.0 ], [ 112.840023856000016, -7.319338913999957, 0.0 ], [ 112.839873076000117, -7.319662791999974, 0.0 ], [ 112.839627998000083, -7.319776609999963, 0.0 ], [ 112.839546345000031, -7.320089357999962, 0.0 ], [ 112.839220417000092, -7.32009358199997, 0.0 ], [ 112.839721233000091, -7.320699008999952, 0.0 ], [ 112.839710426000011, -7.320889972999964, 0.0 ], [ 112.838606306000088, -7.320475037999927, 0.0 ], [ 112.839097574000107, -7.321225140999957, 0.0 ], [ 112.839039128000081, -7.321456797999929, 0.0 ], [ 112.838793783000028, -7.321329072999958, 0.0 ], [ 112.838746897000078, -7.321553450999943, 0.0 ], [ 112.838245688000029, -7.321205477999968, 0.0 ], [ 112.838218351000023, -7.321604785999966, 0.0 ], [ 112.837920088000033, -7.321643609999967, 0.0 ], [ 112.837475977000054, -7.321088571999951, 0.0 ], [ 112.836611560000051, -7.320838985999956, 0.0 ], [ 112.836014744000067, -7.320004515999926, 0.0 ], [ 112.835853763000046, -7.320093038999971, 0.0 ], [ 112.836380432000055, -7.320954914999959, 0.0 ], [ 112.837513776000037, -7.322160666999935, 0.0 ], [ 112.83760261000009, -7.322628202999965, 0.0 ], [ 112.837158533000093, -7.322671477999961, 0.0 ], [ 112.836604624000074, -7.323015563999945, 0.0 ], [ 112.836349269000038, -7.322919698999954, 0.0 ], [ 112.836051685000029, -7.323124850999932, 0.0 ], [ 112.835884767000039, -7.32304598199994, 0.0 ], [ 112.835923236000099, -7.323242529999959, 0.0 ], [ 112.835635088000117, -7.323275525999975, 0.0 ], [ 112.83574920600006, -7.323549869999965, 0.0 ], [ 112.83547717700003, -7.323627636999959, 0.0 ], [ 112.835436316000028, -7.323908759999938, 0.0 ], [ 112.834889543000031, -7.324463501999958, 0.0 ], [ 112.83489049700006, -7.324696724999967, 0.0 ], [ 112.834641349000094, -7.324702079999952, 0.0 ], [ 112.834101352000062, -7.326205610999978, 0.0 ], [ 112.833721470000114, -7.326479076999931, 0.0 ], [ 112.833932174000097, -7.326637317999939, 0.0 ], [ 112.833574413000065, -7.327360513999963, 0.0 ], [ 112.833307288000015, -7.327575665999973, 0.0 ], [ 112.833045946000084, -7.328142260999925, 0.0 ], [ 112.832674205000103, -7.328281180999966, 0.0 ], [ 112.832882224000059, -7.32875691199996, 0.0 ], [ 112.83237013400003, -7.330267379999952, 0.0 ], [ 112.832236145000024, -7.331577386999925, 0.0 ], [ 112.833352175000073, -7.332346625999946, 0.0 ], [ 112.831096682000066, -7.335211680999976, 0.0 ], [ 112.828145379000034, -7.333505483999943, 0.0 ], [ 112.826612776000047, -7.332288690999974, 0.0 ], [ 112.825904635000029, -7.330880037999975, 0.0 ], [ 112.823153581000042, -7.330710296999939, 0.0 ], [ 112.822395350000079, -7.330414140999949, 0.0 ], [ 112.819823905000021, -7.330494016999978, 0.0 ], [ 112.818557856000098, -7.330752459999928, 0.0 ], [ 112.815517242000055, -7.330590653999934, 0.0 ], [ 112.809436548, -7.33103192599998, 0.0 ], [ 112.806357306000109, -7.331470992999925, 0.0 ], [ 112.804372416000092, -7.332088800999941, 0.0 ], [ 112.795431435000069, -7.333350984999981, 0.0 ], [ 112.792015567000021, -7.333072339999944, 0.0 ] ] ] } },
{ "type": "Feature", "properties": { "kecamatan": "Sambikerep" }, "geometry": { "type": "Polygon", "coordinates": [ [ [ 112.676152306000063, -7.267318450999937, 0.0 ], [ 112.675616113000046, -7.267056365999963, 0.0 ], [ 112.675390671000059, -7.267373969999937, 0.0 ], [ 112.675157091000074, -7.267288408999946, 0.0 ], [ 112.674859455000046, -7.267447623999942, 0.0 ], [ 112.674263274000054, -7.267198054999938, 0.0 ], [ 112.674115749000066, -7.267586152999968, 0.0 ], [ 112.673445492000042, -7.267456458999959, 0.0 ], [ 112.67304639300005, -7.26792142499994, 0.0 ], [ 112.672417479000046, -7.270872861999976, 0.0 ], [ 112.675099637000017, -7.271853587999942, 0.0 ], [ 112.67524056000002, -7.271315441999946, 0.0 ], [ 112.677694435000035, -7.272007345999953, 0.0 ], [ 112.678097084000115, -7.272961135999935, 0.0 ], [ 112.678039009000031, -7.27338832099997, 0.0 ], [ 112.678495671000064, -7.274027310999941, 0.0 ], [ 112.67929038200009, -7.274571209999976, 0.0 ], [ 112.680366803000084, -7.274768543999926, 0.0 ], [ 112.682951553000066, -7.275950358999978, 0.0 ], [ 112.683112313000038, -7.275766675999932, 0.0 ], [ 112.684161523000057, -7.276957245999938, 0.0 ], [ 112.681917868000028, -7.278705718999959, 0.0 ], [ 112.681581434, -7.278320248999933, 0.0 ], [ 112.680291599000043, -7.27938581899997, 0.0 ], [ 112.680456456000115, -7.279917386999955, 0.0 ], [ 112.679820515000074, -7.280473437999945, 0.0 ], [ 112.679717732000086, -7.280102357999965, 0.0 ], [ 112.679439110000089, -7.280173693999927, 0.0 ], [ 112.679092608000019, -7.28104882599996, 0.0 ], [ 112.678704216000028, -7.28142069699993, 0.0 ], [ 112.678662393000081, -7.282322514999976, 0.0 ], [ 112.67829765800002, -7.283749584999953, 0.0 ], [ 112.676536481000085, -7.283351980999953, 0.0 ], [ 112.675351076000084, -7.283371378999959, 0.0 ], [ 112.674720271000069, -7.282912841999973, 0.0 ], [ 112.673598905000063, -7.282602117999943, 0.0 ], [ 112.673120939000114, -7.283428266999977, 0.0 ], [ 112.673854280000114, -7.283829653999931, 0.0 ], [ 112.673653346000037, -7.285179835999941, 0.0 ], [ 112.673866184000076, -7.285780166999928, 0.0 ], [ 112.673884567000073, -7.286457632999941, 0.0 ], [ 112.674723464000067, -7.288357047999966, 0.0 ], [ 112.676393524000105, -7.289408476999938, 0.0 ], [ 112.675816066000039, -7.290186450999954, 0.0 ], [ 112.67209101100002, -7.291626163999979, 0.0 ], [ 112.671251437000024, -7.292100719999951, 0.0 ], [ 112.670545848000074, -7.292239744999961, 0.0 ], [ 112.669502699000077, -7.292045618999964, 0.0 ], [ 112.668018645000075, -7.29232583199996, 0.0 ], [ 112.667706645000067, -7.29284499299996, 0.0 ], [ 112.667676949000111, -7.293235007999954, 0.0 ], [ 112.665339150000023, -7.292645251999943, 0.0 ], [ 112.663996434000069, -7.294863354999961, 0.0 ], [ 112.66332369600002, -7.29459868899994, 0.0 ], [ 112.663260674000071, -7.29423522999997, 0.0 ], [ 112.662974931, -7.294304354999952, 0.0 ], [ 112.662840712000047, -7.293526931999963, 0.0 ], [ 112.66150269100001, -7.293256575999976, 0.0 ], [ 112.661237394000068, -7.293564831999959, 0.0 ], [ 112.659804241000074, -7.293537552999965, 0.0 ], [ 112.659810594000078, -7.292850194999971, 0.0 ], [ 112.658920671000033, -7.292980478999937, 0.0 ], [ 112.659115149000058, -7.29367749599993, 0.0 ], [ 112.658501149000017, -7.293931704999977, 0.0 ], [ 112.658021760000111, -7.293042629999945, 0.0 ], [ 112.657486977000076, -7.293009336999944, 0.0 ], [ 112.656493309000098, -7.292300780999938, 0.0 ], [ 112.656535771000108, -7.291826188999948, 0.0 ], [ 112.655425337000111, -7.291832002999968, 0.0 ], [ 112.654514712000037, -7.291583086999935, 0.0 ], [ 112.653914277000013, -7.29116978899998, 0.0 ], [ 112.65368963800006, -7.290472152999939, 0.0 ], [ 112.652603417000023, -7.289669907999951, 0.0 ], [ 112.651959609000073, -7.290103846999955, 0.0 ], [ 112.651599794000049, -7.290703905999976, 0.0 ], [ 112.650923269000032, -7.29060566499993, 0.0 ], [ 112.650540389000071, -7.291066133999948, 0.0 ], [ 112.650255101000084, -7.291096464999953, 0.0 ], [ 112.649759752000023, -7.291595313999949, 0.0 ], [ 112.64968598400003, -7.291862723999941, 0.0 ], [ 112.649179164000088, -7.29202296099993, 0.0 ], [ 112.649141570000097, -7.291115987999945, 0.0 ], [ 112.648270368000112, -7.290839649999953, 0.0 ], [ 112.647699928000065, -7.288448587999937, 0.0 ], [ 112.645634229000052, -7.288843179999958, 0.0 ], [ 112.643079084000078, -7.288847502999943, 0.0 ], [ 112.642662806000089, -7.288792512999976, 0.0 ], [ 112.640924090000112, -7.287861517999943, 0.0 ], [ 112.640240186000028, -7.288033236999979, 0.0 ], [ 112.639035051000064, -7.287708081999938, 0.0 ], [ 112.638049138000042, -7.288282194999965, 0.0 ], [ 112.635801814000047, -7.28868394899996, 0.0 ], [ 112.635144524000111, -7.289050564999968, 0.0 ], [ 112.633421421000094, -7.289411447999953, 0.0 ], [ 112.632117917000073, -7.289392334999945, 0.0 ], [ 112.629740941000023, -7.288808380999967, 0.0 ], [ 112.628094804000057, -7.290012107999928, 0.0 ], [ 112.627366629000107, -7.290352603999963, 0.0 ], [ 112.625279490000025, -7.289640104999933, 0.0 ], [ 112.625616686000058, -7.289061833999938, 0.0 ], [ 112.625192808000065, -7.288525774999925, 0.0 ], [ 112.625446967000016, -7.286581146999936, 0.0 ], [ 112.625300615000015, -7.286008867999954, 0.0 ], [ 112.625019751000082, -7.285869670999944, 0.0 ], [ 112.624612270000057, -7.286105296999949, 0.0 ], [ 112.624248094000109, -7.285462497999958, 0.0 ], [ 112.623466237000116, -7.285274194999943, 0.0 ], [ 112.621749867000062, -7.282713580999939, 0.0 ], [ 112.621781424, -7.282160810999926, 0.0 ], [ 112.622215055000083, -7.282147294999959, 0.0 ], [ 112.622378413000092, -7.280933735999952, 0.0 ], [ 112.62286649300006, -7.279404405999969, 0.0 ], [ 112.623547420000023, -7.279199801999937, 0.0 ], [ 112.624122233000094, -7.278815941999937, 0.0 ], [ 112.624457840000105, -7.278396297999961, 0.0 ], [ 112.624344978000067, -7.278193583999951, 0.0 ], [ 112.624518464000062, -7.277965939999945, 0.0 ], [ 112.624986229000115, -7.277718317999927, 0.0 ], [ 112.625832546000083, -7.277590689999954, 0.0 ], [ 112.626165570000012, -7.276024097999937, 0.0 ], [ 112.62672864000001, -7.276113074999955, 0.0 ], [ 112.627028942000038, -7.273995903999946, 0.0 ], [ 112.627211966, -7.273907751999957, 0.0 ], [ 112.627360458000112, -7.273474749999934, 0.0 ], [ 112.627715238000064, -7.27334740699996, 0.0 ], [ 112.629106861000082, -7.273622348999936, 0.0 ], [ 112.629786317000026, -7.271330374999934, 0.0 ], [ 112.630031010000039, -7.269834141999979, 0.0 ], [ 112.629922540000052, -7.269788182999946, 0.0 ], [ 112.630048645000102, -7.269232789999933, 0.0 ], [ 112.629899293000108, -7.269176473999948, 0.0 ], [ 112.630342765000023, -7.266705039999977, 0.0 ], [ 112.632294512000044, -7.266156252999963, 0.0 ], [ 112.632417792000069, -7.265475206999952, 0.0 ], [ 112.633111596000049, -7.264231429999938, 0.0 ], [ 112.633008346000111, -7.263994627999978, 0.0 ], [ 112.634963614000071, -7.263998839999942, 0.0 ], [ 112.635503508000056, -7.263884971999971, 0.0 ], [ 112.636025233000055, -7.263475096999969, 0.0 ], [ 112.636383294000098, -7.263494084999934, 0.0 ], [ 112.636567133000085, -7.262322322999978, 0.0 ], [ 112.63686640200001, -7.262056783999981, 0.0 ], [ 112.637286768000081, -7.259912935999978, 0.0 ], [ 112.637750923000112, -7.259734220999974, 0.0 ], [ 112.637986886000022, -7.259215876999974, 0.0 ], [ 112.638245427000015, -7.259283631999949, 0.0 ], [ 112.638316207000116, -7.259054653999954, 0.0 ], [ 112.638583039000082, -7.259066617999963, 0.0 ], [ 112.638680942000065, -7.258905254999945, 0.0 ], [ 112.64052529300011, -7.25945358499996, 0.0 ], [ 112.642417253000076, -7.259502042999941, 0.0 ], [ 112.64497476400004, -7.260138737999966, 0.0 ], [ 112.645326461000082, -7.259227826999961, 0.0 ], [ 112.646036065000089, -7.259460226999977, 0.0 ], [ 112.646489511000027, -7.258135476999939, 0.0 ], [ 112.64923464900005, -7.258501216999946, 0.0 ], [ 112.649431219, -7.258315403999973, 0.0 ], [ 112.65088237100008, -7.257999996999956, 0.0 ], [ 112.651136776000044, -7.258457465999925, 0.0 ], [ 112.651660622, -7.258546227999943, 0.0 ], [ 112.652356992000023, -7.258088157999964, 0.0 ], [ 112.652870932000042, -7.25804786599997, 0.0 ], [ 112.652604235000013, -7.25854325399996, 0.0 ], [ 112.653052159000026, -7.258749302999945, 0.0 ], [ 112.652941920000103, -7.259069091999947, 0.0 ], [ 112.652502520000098, -7.258824778999951, 0.0 ], [ 112.652439740000091, -7.259001539999929, 0.0 ], [ 112.652676802000087, -7.259622705999959, 0.0 ], [ 112.652276974000074, -7.260097173999952, 0.0 ], [ 112.652474988000108, -7.26078137199994, 0.0 ], [ 112.652276638000103, -7.261576376999926, 0.0 ], [ 112.652003652000076, -7.261615650999943, 0.0 ], [ 112.651290888000062, -7.263259443999971, 0.0 ], [ 112.651511034, -7.263686921999977, 0.0 ], [ 112.651437277000014, -7.263981421999972, 0.0 ], [ 112.651861222000093, -7.264415410999959, 0.0 ], [ 112.654864403000033, -7.265567067999939, 0.0 ], [ 112.655261444000075, -7.264072751999947, 0.0 ], [ 112.655963215000043, -7.264088473999948, 0.0 ], [ 112.657270155000106, -7.26317587099993, 0.0 ], [ 112.657730684000057, -7.263168973999939, 0.0 ], [ 112.659408869000117, -7.262603665999961, 0.0 ], [ 112.659667505000016, -7.262818498999934, 0.0 ], [ 112.660419371000103, -7.262991165999949, 0.0 ], [ 112.660429858000043, -7.263252928999975, 0.0 ], [ 112.660727240000028, -7.263331797999967, 0.0 ], [ 112.660696930000086, -7.263564173999953, 0.0 ], [ 112.660948184000063, -7.263620666999941, 0.0 ], [ 112.660970507000116, -7.263774228999978, 0.0 ], [ 112.661235136000073, -7.263634690999936, 0.0 ], [ 112.662552469000047, -7.264861181999947, 0.0 ], [ 112.662363418000041, -7.265580842999952, 0.0 ], [ 112.662671943000078, -7.26566050699995, 0.0 ], [ 112.662614483000084, -7.265958676999958, 0.0 ], [ 112.662850481000078, -7.266006047999952, 0.0 ], [ 112.662707280000063, -7.267820128999972, 0.0 ], [ 112.661754791000021, -7.270142116999978, 0.0 ], [ 112.663120774000049, -7.270357983999929, 0.0 ], [ 112.663267568000037, -7.269750726999973, 0.0 ], [ 112.66504498200004, -7.270335526999929, 0.0 ], [ 112.665006435, -7.270493331999944, 0.0 ], [ 112.665428020000036, -7.270655592999958, 0.0 ], [ 112.665248352000049, -7.271097871999928, 0.0 ], [ 112.664738592000049, -7.270957991999978, 0.0 ], [ 112.664477785000031, -7.271549462999928, 0.0 ], [ 112.664736979000054, -7.271655275999933, 0.0 ], [ 112.664710362000051, -7.27182804399996, 0.0 ], [ 112.665316197000038, -7.272021811999934, 0.0 ], [ 112.666055492000055, -7.271979316999932, 0.0 ], [ 112.666021141000101, -7.271492442999943, 0.0 ], [ 112.666424531000075, -7.271135133999962, 0.0 ], [ 112.667362214000036, -7.270929272999979, 0.0 ], [ 112.668188648000068, -7.271089589999974, 0.0 ], [ 112.668394920000082, -7.269461037999974, 0.0 ], [ 112.667618976000085, -7.268635350999944, 0.0 ], [ 112.666874139000015, -7.267476773999931, 0.0 ], [ 112.666842602000088, -7.266841721999981, 0.0 ], [ 112.666384504, -7.266637012999979, 0.0 ], [ 112.667315084000052, -7.263514332999932, 0.0 ], [ 112.668808459000047, -7.263700587999949, 0.0 ], [ 112.669391020000035, -7.26360008599994, 0.0 ], [ 112.669507743000054, -7.263240664999955, 0.0 ], [ 112.671105801000067, -7.263472340999954, 0.0 ], [ 112.671445732000052, -7.262347494999972, 0.0 ], [ 112.672525399000051, -7.262513213999966, 0.0 ], [ 112.673466108000071, -7.262070193999932, 0.0 ], [ 112.675581750000106, -7.261812152999937, 0.0 ], [ 112.675715344000082, -7.262259061999941, 0.0 ], [ 112.676203903000101, -7.262696320999964, 0.0 ], [ 112.675946286000112, -7.263104466999948, 0.0 ], [ 112.67578783600004, -7.264131212999928, 0.0 ], [ 112.676394748, -7.264617774999977, 0.0 ], [ 112.676253433000056, -7.264828121999926, 0.0 ], [ 112.676111950000063, -7.26642289199998, 0.0 ], [ 112.67638028500005, -7.267262280999944, 0.0 ], [ 112.676152306000063, -7.267318450999937, 0.0 ] ] ] } },
{ "type": "Feature", "properties": { "kecamatan": "Sawahan" }, "geometry": { "type": "Polygon", "coordinates": [ [ [ 112.728673, -7.292191, 0.0 ], [ 112.727538001000084, -7.291596001999949, 0.0 ], [ 112.726009, -7.291367, 0.0 ], [ 112.725325000000112, -7.291484, 0.0 ], [ 112.724947329000088, -7.292202522999958, 0.0 ], [ 112.718364167000118, -7.291662281999947, 0.0 ], [ 112.715868000000114, -7.291179, 0.0 ], [ 112.7134420000001, -7.290357, 0.0 ], [ 112.71448263700006, -7.286140137999951, 0.0 ], [ 112.715892001000043, -7.282074, 0.0 ], [ 112.716366507000089, -7.282209596999962, 0.0 ], [ 112.71725, -7.279488, 0.0 ], [ 112.714468, -7.27864, 0.0 ], [ 112.714209, -7.27885, 0.0 ], [ 112.713275999000075, -7.278754, 0.0 ], [ 112.712775001000068, -7.279252001999964, 0.0 ], [ 112.712315000000103, -7.279108, 0.0 ], [ 112.711673287000053, -7.278760154999929, 0.0 ], [ 112.712061309000092, -7.278275664999967, 0.0 ], [ 112.712107277000086, -7.277933685999926, 0.0 ], [ 112.711870076000082, -7.277722412999935, 0.0 ], [ 112.709595898000089, -7.277277276999939, 0.0 ], [ 112.710010013000101, -7.275682855999946, 0.0 ], [ 112.709377225000026, -7.275609884999938, 0.0 ], [ 112.708559197000113, -7.275749901999973, 0.0 ], [ 112.708727073000091, -7.27256904199993, 0.0 ], [ 112.710613675000104, -7.272787024999957, 0.0 ], [ 112.711655096000072, -7.268871174999958, 0.0 ], [ 112.713139013000045, -7.269398302999946, 0.0 ], [ 112.713644704000103, -7.268225134999966, 0.0 ], [ 112.713853127000107, -7.266836989999945, 0.0 ], [ 112.712603295, -7.266564993999964, 0.0 ], [ 112.714144990000023, -7.25595905199998, 0.0 ], [ 112.714743131000091, -7.256380237999963, 0.0 ], [ 112.715111508000064, -7.25488052299994, 0.0 ], [ 112.715572920000113, -7.254907387999936, 0.0 ], [ 112.715523767000036, -7.255217678999941, 0.0 ], [ 112.7163274830001, -7.255204823999975, 0.0 ], [ 112.718832119000012, -7.256080984999926, 0.0 ], [ 112.725249169000108, -7.257091945999946, 0.0 ], [ 112.72590462200003, -7.256930376999946, 0.0 ], [ 112.726103529000056, -7.255741268999941, 0.0 ], [ 112.728942931, -7.256070462999958, 0.0 ], [ 112.729818770000065, -7.256038109999963, 0.0 ], [ 112.730968260000054, -7.25630068199996, 0.0 ], [ 112.73206036900001, -7.255875500999935, 0.0 ], [ 112.733966495000118, -7.256030879999969, 0.0 ], [ 112.734270616000117, -7.255805141999929, 0.0 ], [ 112.731337262000011, -7.263019198999928, 0.0 ], [ 112.72882938500004, -7.269891609999945, 0.0 ], [ 112.727136743000074, -7.273868277999952, 0.0 ], [ 112.726919105000093, -7.274788086999934, 0.0 ], [ 112.726435006000088, -7.274860020999938, 0.0 ], [ 112.72773183400011, -7.27655666499993, 0.0 ], [ 112.727854059000038, -7.276968422999971, 0.0 ], [ 112.72756245100004, -7.277692644999945, 0.0 ], [ 112.727700784000035, -7.279456883999956, 0.0 ], [ 112.727974470000049, -7.27975595099997, 0.0 ], [ 112.729125747000012, -7.280380836999939, 0.0 ], [ 112.729205783000111, -7.280685078999966, 0.0 ], [ 112.72893905400008, -7.281374476999929, 0.0 ], [ 112.728984888000014, -7.281745127999955, 0.0 ], [ 112.730034097000043, -7.283363759999929, 0.0 ], [ 112.73023630900002, -7.284033387999955, 0.0 ], [ 112.730165250000027, -7.285164889999976, 0.0 ], [ 112.729989690000025, -7.285613696999974, 0.0 ], [ 112.729729238, -7.28582191199996, 0.0 ], [ 112.729755774000068, -7.286712730999966, 0.0 ], [ 112.729580268000063, -7.287265529999956, 0.0 ], [ 112.729782441000111, -7.287857205999956, 0.0 ], [ 112.730408061000048, -7.288715255999932, 0.0 ], [ 112.730382202000101, -7.289157385999943, 0.0 ], [ 112.729946439000059, -7.290133081999954, 0.0 ], [ 112.729399593000039, -7.29066002899998, 0.0 ], [ 112.7290029400001, -7.291791787999955, 0.0 ], [ 112.728673, -7.292191, 0.0 ] ] ] } },
{ "type": "Feature", "properties": { "kecamatan": "Semampir" }, "geometry": { "type": "Polygon", "coordinates": [ [ [ 112.754812999000023, -7.235838000999934, 0.0 ], [ 112.754528287000085, -7.234344834999945, 0.0 ], [ 112.75282293600003, -7.233494195999981, 0.0 ], [ 112.752425647000109, -7.232971809999981, 0.0 ], [ 112.751944720000097, -7.233124374999932, 0.0 ], [ 112.750556773000085, -7.232650928999931, 0.0 ], [ 112.746867974000111, -7.23209049899998, 0.0 ], [ 112.746968130000027, -7.231659497999942, 0.0 ], [ 112.746429270000021, -7.230432674999975, 0.0 ], [ 112.745558332000087, -7.230084341999941, 0.0 ], [ 112.743234058000098, -7.233064490999936, 0.0 ], [ 112.742840474000104, -7.234131567999952, 0.0 ], [ 112.74151748700001, -7.233973950999939, 0.0 ], [ 112.741174138000019, -7.233771916999956, 0.0 ], [ 112.740845197000112, -7.230139248999933, 0.0 ], [ 112.741477804000056, -7.23012092099998, 0.0 ], [ 112.741444199000057, -7.227351704999933, 0.0 ], [ 112.740886989000046, -7.227169388999926, 0.0 ], [ 112.740979561000017, -7.225398667999968, 0.0 ], [ 112.739234402000079, -7.224777341999925, 0.0 ], [ 112.738374217000114, -7.223791397999946, 0.0 ], [ 112.738146504000042, -7.223892124999963, 0.0 ], [ 112.737424650000094, -7.209222952999937, 0.0 ], [ 112.737821008000083, -7.209156207999968, 0.0 ], [ 112.735506111000063, -7.196968931999947, 0.0 ], [ 112.735732250000069, -7.195963297999981, 0.0 ], [ 112.737146753000047, -7.19564932399993, 0.0 ], [ 112.737373948000027, -7.196811130999947, 0.0 ], [ 112.73763240400001, -7.196745556999929, 0.0 ], [ 112.737573249000093, -7.196307986999955, 0.0 ], [ 112.737781484000038, -7.196264134999979, 0.0 ], [ 112.738821057000109, -7.201284061999957, 0.0 ], [ 112.73757876500008, -7.20153279799996, 0.0 ], [ 112.737814247000074, -7.202981650999959, 0.0 ], [ 112.738080194000077, -7.202994994999926, 0.0 ], [ 112.738312753000059, -7.203675921999945, 0.0 ], [ 112.739002417000052, -7.203615884999977, 0.0 ], [ 112.739339790000031, -7.20351412499997, 0.0 ], [ 112.739266258000043, -7.203076609999925, 0.0 ], [ 112.739754322000067, -7.202916860999949, 0.0 ], [ 112.738976715000035, -7.198757178999927, 0.0 ], [ 112.740628229000095, -7.198406407999926, 0.0 ], [ 112.740921453000055, -7.199919629999954, 0.0 ], [ 112.740419676000101, -7.200251678999962, 0.0 ], [ 112.740889233000075, -7.202776179999944, 0.0 ], [ 112.744651923000106, -7.202001088999964, 0.0 ], [ 112.743485572000054, -7.195790300999931, 0.0 ], [ 112.741625482000018, -7.196091634999959, 0.0 ], [ 112.740958838000097, -7.196531964999963, 0.0 ], [ 112.73969467400002, -7.19669466299996, 0.0 ], [ 112.739443947000041, -7.195016206999981, 0.0 ], [ 112.743171172000075, -7.194377638999981, 0.0 ], [ 112.743532149000089, -7.194814057999963, 0.0 ], [ 112.744020888000023, -7.194833727999935, 0.0 ], [ 112.747719653000104, -7.194274179999979, 0.0 ], [ 112.748592964000068, -7.195261261999974, 0.0 ], [ 112.746079632000033, -7.195744530999946, 0.0 ], [ 112.746118581000019, -7.196533844999976, 0.0 ], [ 112.74659616100007, -7.197393255999941, 0.0 ], [ 112.74819131400011, -7.197967301999938, 0.0 ], [ 112.748325465000107, -7.198594769999943, 0.0 ], [ 112.749235667000107, -7.198579330999962, 0.0 ], [ 112.750628364000022, -7.199453178999931, 0.0 ], [ 112.751623484000106, -7.199718504999964, 0.0 ], [ 112.752623744000061, -7.199762521999958, 0.0 ], [ 112.754472711000062, -7.199372667999967, 0.0 ], [ 112.756642852000027, -7.198176496999963, 0.0 ], [ 112.757064035000099, -7.198663090999958, 0.0 ], [ 112.757467023000117, -7.199663828999974, 0.0 ], [ 112.757837866000045, -7.201413565999928, 0.0 ], [ 112.758125571000051, -7.201479444999961, 0.0 ], [ 112.758541045000015, -7.202377351999928, 0.0 ], [ 112.75806672300007, -7.203613599999926, 0.0 ], [ 112.761302214000011, -7.207223828999929, 0.0 ], [ 112.762468523000052, -7.207070743999964, 0.0 ], [ 112.761211500000059, -7.211563049999938, 0.0 ], [ 112.761029631000042, -7.211611596999944, 0.0 ], [ 112.760800110000105, -7.214205726999978, 0.0 ], [ 112.760141315000055, -7.216366113999925, 0.0 ], [ 112.759158034000052, -7.222097441999949, 0.0 ], [ 112.759735356000078, -7.222309306999932, 0.0 ], [ 112.759558448, -7.224767817999975, 0.0 ], [ 112.758022836, -7.225014039999962, 0.0 ], [ 112.758280704000072, -7.226220855999941, 0.0 ], [ 112.758606905000079, -7.226880179999966, 0.0 ], [ 112.758441450000078, -7.227457838999953, 0.0 ], [ 112.759002953000049, -7.227765881999971, 0.0 ], [ 112.758774982000091, -7.22828349699995, 0.0 ], [ 112.758542272000113, -7.22819587999993, 0.0 ], [ 112.758447399000033, -7.228474888999926, 0.0 ], [ 112.758088704000102, -7.228364221999925, 0.0 ], [ 112.758071008000115, -7.228940006999949, 0.0 ], [ 112.757486910000011, -7.229804487999957, 0.0 ], [ 112.757726999000056, -7.229852697999945, 0.0 ], [ 112.757826684000065, -7.23085109699997, 0.0 ], [ 112.757267685000102, -7.230848194999965, 0.0 ], [ 112.757819202000064, -7.235195851999947, 0.0 ], [ 112.754812999000023, -7.235838000999934, 0.0 ] ] ] } },
{ "type": "Feature", "properties": { "kecamatan": "Simokerto" }, "geometry": { "type": "Polygon", "coordinates": [ [ [ 112.760716536000018, -7.24315146999993, 0.0 ], [ 112.759140807000108, -7.248969925999972, 0.0 ], [ 112.757895574000031, -7.248633414999972, 0.0 ], [ 112.755607916000031, -7.249307313999964, 0.0 ], [ 112.753257274000021, -7.249154766999936, 0.0 ], [ 112.75331905500002, -7.248038617999953, 0.0 ], [ 112.753107468000053, -7.246756563999952, 0.0 ], [ 112.752561297000057, -7.245682133999935, 0.0 ], [ 112.751748363000047, -7.244621589999952, 0.0 ], [ 112.751045886000043, -7.244169756999952, 0.0 ], [ 112.749738492, -7.243714269999941, 0.0 ], [ 112.747327271000017, -7.243550876999961, 0.0 ], [ 112.747245712000108, -7.243076475999942, 0.0 ], [ 112.74586629700002, -7.241727111999978, 0.0 ], [ 112.745028969000032, -7.239409993999971, 0.0 ], [ 112.744991288000051, -7.238688064999963, 0.0 ], [ 112.744217678000041, -7.237176696999938, 0.0 ], [ 112.74323490200004, -7.235780957999964, 0.0 ], [ 112.743196515000022, -7.235142357999962, 0.0 ], [ 112.742864617, -7.234178329999963, 0.0 ], [ 112.743234058000098, -7.233064490999936, 0.0 ], [ 112.745558332000087, -7.230084341999941, 0.0 ], [ 112.746429270000021, -7.230432674999975, 0.0 ], [ 112.746968130000027, -7.231659497999942, 0.0 ], [ 112.746867974000111, -7.23209049899998, 0.0 ], [ 112.750556773000085, -7.232650928999931, 0.0 ], [ 112.751944720000097, -7.233124374999932, 0.0 ], [ 112.752425647000109, -7.232971809999981, 0.0 ], [ 112.75282293600003, -7.233494195999981, 0.0 ], [ 112.754528287000085, -7.234344834999945, 0.0 ], [ 112.754812999000023, -7.235838000999934, 0.0 ], [ 112.757819202000064, -7.235195851999947, 0.0 ], [ 112.757873929000084, -7.235614634999934, 0.0 ], [ 112.758303146000117, -7.235702923999952, 0.0 ], [ 112.758434295000029, -7.235327462999976, 0.0 ], [ 112.761483276000035, -7.234938284999942, 0.0 ], [ 112.762367916000017, -7.234582007999961, 0.0 ], [ 112.763237855000057, -7.234992483999974, 0.0 ], [ 112.76413113600006, -7.23553805399996, 0.0 ], [ 112.761920137000061, -7.239575097999932, 0.0 ], [ 112.760716536000018, -7.24315146999993, 0.0 ] ] ] } },
{ "type": "Feature", "properties": { "kecamatan": "Sukolilo" }, "geometry": { "type": "MultiPolygon", "coordinates": [ [ [ [ 112.80851356200003, -7.30752393299997, 0.0 ], [ 112.808373848000087, -7.30797337499996, 0.0 ], [ 112.80791406000003, -7.308423126999969, 0.0 ], [ 112.807584069000086, -7.308623110999974, 0.0 ], [ 112.806613893000076, -7.308773523999946, 0.0 ], [ 112.805303388000084, -7.308444885999961, 0.0 ], [ 112.804515451000043, -7.307941512999946, 0.0 ], [ 112.803126091000081, -7.307517488999963, 0.0 ], [ 112.799893807000103, -7.307920860999957, 0.0 ], [ 112.795877454000106, -7.307941824999943, 0.0 ], [ 112.791847450000091, -7.307497791999936, 0.0 ], [ 112.790693968000028, -7.307633068999962, 0.0 ], [ 112.780928642000049, -7.310701364999943, 0.0 ], [ 112.779762638000079, -7.310776573999931, 0.0 ], [ 112.778839063000078, -7.31067472899997, 0.0 ], [ 112.761943421000069, -7.306212680999977, 0.0 ], [ 112.762168384, -7.303956183999958, 0.0 ], [ 112.762068847000023, -7.297717014999932, 0.0 ], [ 112.762735753000015, -7.290718974999947, 0.0 ], [ 112.763048566000066, -7.290887761999954, 0.0 ], [ 112.763643368000089, -7.290092782999977, 0.0 ], [ 112.763876561000075, -7.290172730999927, 0.0 ], [ 112.763863615000105, -7.289558444999955, 0.0 ], [ 112.763649275000034, -7.289522025999929, 0.0 ], [ 112.76365967400011, -7.289355588999967, 0.0 ], [ 112.763880418000099, -7.289200557999948, 0.0 ], [ 112.764497383000048, -7.287025810999978, 0.0 ], [ 112.764884416000086, -7.28710770899994, 0.0 ], [ 112.765134568, -7.285369986999967, 0.0 ], [ 112.765400007000039, -7.285389037999948, 0.0 ], [ 112.765459220000025, -7.284907958999952, 0.0 ], [ 112.769730162000087, -7.285296761999973, 0.0 ], [ 112.769809932000044, -7.284560825999961, 0.0 ], [ 112.769572578000066, -7.284518692999939, 0.0 ], [ 112.769624977000035, -7.284134526999935, 0.0 ], [ 112.770198769000103, -7.281993591999935, 0.0 ], [ 112.770439492000037, -7.281978295999977, 0.0 ], [ 112.770564179000075, -7.280861577999929, 0.0 ], [ 112.771944606000034, -7.28097100399998, 0.0 ], [ 112.771936552000057, -7.281384701999968, 0.0 ], [ 112.776523275000045, -7.282259914999941, 0.0 ], [ 112.778271778000089, -7.282298259999948, 0.0 ], [ 112.78080104300011, -7.282066647999955, 0.0 ], [ 112.780816205000065, -7.282537832999935, 0.0 ], [ 112.781824535000055, -7.28260981699998, 0.0 ], [ 112.781794866000041, -7.284597235999968, 0.0 ], [ 112.784027298000069, -7.284416626999928, 0.0 ], [ 112.784032854000088, -7.284193004999963, 0.0 ], [ 112.785288975000071, -7.284160010999926, 0.0 ], [ 112.785774844000116, -7.281902849999938, 0.0 ], [ 112.785982993000061, -7.281830257999957, 0.0 ], [ 112.786150248000013, -7.280505486999971, 0.0 ], [ 112.786069628000064, -7.279931247999968, 0.0 ], [ 112.784337891000064, -7.280169745999956, 0.0 ], [ 112.783862057000078, -7.276946431999932, 0.0 ], [ 112.786179320000088, -7.27646823699996, 0.0 ], [ 112.786247377000109, -7.276854868999976, 0.0 ], [ 112.787513390000072, -7.276699630999929, 0.0 ], [ 112.797030542000016, -7.274668677999955, 0.0 ], [ 112.799405074000106, -7.274344053999926, 0.0 ], [ 112.800976937000087, -7.279968901999951, 0.0 ], [ 112.801260504000084, -7.280027208999968, 0.0 ], [ 112.801383094000016, -7.280729440999949, 0.0 ], [ 112.801300464000064, -7.282686020999961, 0.0 ], [ 112.800968318000059, -7.28320406399996, 0.0 ], [ 112.801016081000057, -7.283465823999961, 0.0 ], [ 112.80068187300003, -7.28436783099994, 0.0 ], [ 112.801810107000051, -7.284619307999947, 0.0 ], [ 112.802248347000045, -7.284932579999975, 0.0 ], [ 112.80371320800009, -7.285150440999928, 0.0 ], [ 112.80624462600008, -7.284381162999978, 0.0 ], [ 112.807546026000068, -7.283283904999962, 0.0 ], [ 112.808744298000079, -7.282517672999973, 0.0 ], [ 112.811660785000072, -7.281082192999975, 0.0 ], [ 112.812044480000054, -7.280650579999929, 0.0 ], [ 112.812823482000113, -7.279032338999968, 0.0 ], [ 112.813735976000089, -7.277685019999979, 0.0 ], [ 112.814605490000076, -7.276785721999943, 0.0 ], [ 112.816463793000025, -7.274238098999945, 0.0 ], [ 112.816778207000084, -7.273428979999949, 0.0 ], [ 112.818337517000032, -7.272394362999933, 0.0 ], [ 112.822494084000027, -7.271638503999952, 0.0 ], [ 112.822981459000061, -7.271338380999964, 0.0 ], [ 112.825847286000112, -7.270361431999959, 0.0 ], [ 112.829822040000067, -7.269702847999952, 0.0 ], [ 112.830122036000034, -7.269777505999969, 0.0 ], [ 112.830967110000074, -7.269150163999939, 0.0 ], [ 112.830862596000088, -7.268785866999963, 0.0 ], [ 112.831677035000098, -7.268376577999959, 0.0 ], [ 112.835602571000095, -7.267526674999942, 0.0 ], [ 112.836909306000052, -7.267401991999975, 0.0 ], [ 112.836723267000025, -7.267481543999963, 0.0 ], [ 112.838071824000053, -7.267543990999968, 0.0 ], [ 112.838315716000011, -7.267916164999974, 0.0 ], [ 112.838158604000114, -7.267987191999964, 0.0 ], [ 112.83817543300006, -7.268563742999959, 0.0 ], [ 112.837984377000112, -7.268836433999979, 0.0 ], [ 112.838603268000043, -7.268813675999979, 0.0 ], [ 112.838698671000088, -7.269447881999952, 0.0 ], [ 112.838910720000058, -7.269499090999943, 0.0 ], [ 112.839562671000067, -7.270332807999978, 0.0 ], [ 112.839564154000072, -7.270697285999972, 0.0 ], [ 112.839836311000113, -7.271102971999937, 0.0 ], [ 112.840045101000101, -7.271154192999973, 0.0 ], [ 112.840507847000026, -7.271943114999942, 0.0 ], [ 112.840743215000089, -7.272780959999977, 0.0 ], [ 112.840680488000089, -7.273028060999934, 0.0 ], [ 112.840447112000106, -7.273105184999963, 0.0 ], [ 112.84056019500008, -7.273367, 0.0 ], [ 112.840218891000063, -7.273499522999941, 0.0 ], [ 112.840319197000099, -7.273706427999969, 0.0 ], [ 112.839383611000017, -7.273503878999975, 0.0 ], [ 112.839136805000066, -7.273616277999963, 0.0 ], [ 112.839010891000044, -7.273997879999968, 0.0 ], [ 112.838667522000037, -7.274097840999957, 0.0 ], [ 112.839068177000058, -7.274153533999936, 0.0 ], [ 112.839251419000107, -7.274570307999966, 0.0 ], [ 112.839972935000105, -7.274314263999941, 0.0 ], [ 112.839755245000106, -7.27468638199997, 0.0 ], [ 112.84025534500006, -7.274441778999972, 0.0 ], [ 112.840392327000018, -7.274643713999978, 0.0 ], [ 112.841122556000073, -7.274544611999943, 0.0 ], [ 112.84196290400007, -7.27530905499998, 0.0 ], [ 112.842290843000114, -7.276161075999937, 0.0 ], [ 112.84293161100004, -7.276645892999966, 0.0 ], [ 112.843171582000082, -7.277237924999952, 0.0 ], [ 112.842865974, -7.277599313999929, 0.0 ], [ 112.84312839100005, -7.277657546999933, 0.0 ], [ 112.843064201000061, -7.277900796999972, 0.0 ], [ 112.843618183000103, -7.278060533999962, 0.0 ], [ 112.843525822000061, -7.278144798999961, 0.0 ], [ 112.843711699000096, -7.278614109999978, 0.0 ], [ 112.84313867100002, -7.279111099999966, 0.0 ], [ 112.843575405000024, -7.279408718999946, 0.0 ], [ 112.843339860000015, -7.279664558999968, 0.0 ], [ 112.843604414000083, -7.279891042999964, 0.0 ], [ 112.8434333350001, -7.28008940899997, 0.0 ], [ 112.843830818000015, -7.280706832999954, 0.0 ], [ 112.844218375000082, -7.280549046999965, 0.0 ], [ 112.844453460000068, -7.280653191999932, 0.0 ], [ 112.844411995000087, -7.28090406299998, 0.0 ], [ 112.844786726000052, -7.281152274999954, 0.0 ], [ 112.844987340000102, -7.281800390999933, 0.0 ], [ 112.845412414000066, -7.282315490999963, 0.0 ], [ 112.845274975000052, -7.282475150999971, 0.0 ], [ 112.84558461000006, -7.282862476999981, 0.0 ], [ 112.84547198100006, -7.283185233999973, 0.0 ], [ 112.845752876, -7.284362657999964, 0.0 ], [ 112.845648941000036, -7.284450506999974, 0.0 ], [ 112.845791572000053, -7.284484315999975, 0.0 ], [ 112.846299411000018, -7.285571406999964, 0.0 ], [ 112.845872611, -7.28569753599993, 0.0 ], [ 112.846141058000057, -7.28581214899998, 0.0 ], [ 112.845867942000041, -7.285972362999928, 0.0 ], [ 112.846414621, -7.286114767999948, 0.0 ], [ 112.84656497800006, -7.286397640999951, 0.0 ], [ 112.846268825000038, -7.286238303999937, 0.0 ], [ 112.846148572000061, -7.286585920999926, 0.0 ], [ 112.846662715000093, -7.286565018999966, 0.0 ], [ 112.84683416200005, -7.287045956999975, 0.0 ], [ 112.846784027000012, -7.287183565999953, 0.0 ], [ 112.846509857000115, -7.287086332999934, 0.0 ], [ 112.846728603000088, -7.287444498999946, 0.0 ], [ 112.846149590000095, -7.288249592999932, 0.0 ], [ 112.846168954000063, -7.288379685999928, 0.0 ], [ 112.846664469000075, -7.288408035999964, 0.0 ], [ 112.846181791000049, -7.289392085999964, 0.0 ], [ 112.846282432000066, -7.28956089899998, 0.0 ], [ 112.846089726000059, -7.290255938999962, 0.0 ], [ 112.846237065000082, -7.290508811999928, 0.0 ], [ 112.846075737000092, -7.290730763999932, 0.0 ], [ 112.846200301000067, -7.291081720999955, 0.0 ], [ 112.845963870000105, -7.292064764999964, 0.0 ], [ 112.845710906000022, -7.292194523999967, 0.0 ], [ 112.845657947000063, -7.292703858999971, 0.0 ], [ 112.846085772000038, -7.292826498999943, 0.0 ], [ 112.846361646000105, -7.294751922999978, 0.0 ], [ 112.846181647000094, -7.295013002999951, 0.0 ], [ 112.846510160000093, -7.295290807999947, 0.0 ], [ 112.846370618000037, -7.295527134999929, 0.0 ], [ 112.846448013000099, -7.295678685999974, 0.0 ], [ 112.846132207000096, -7.296027102999972, 0.0 ], [ 112.846404953000047, -7.296128679999981, 0.0 ], [ 112.846202786000049, -7.296282820999977, 0.0 ], [ 112.846150654000098, -7.29699319599996, 0.0 ], [ 112.845813804000045, -7.29786220799997, 0.0 ], [ 112.846059403000027, -7.297878560999948, 0.0 ], [ 112.846119181000063, -7.298149508999927, 0.0 ], [ 112.845708599000091, -7.298170712999934, 0.0 ], [ 112.845810301000029, -7.298597696999934, 0.0 ], [ 112.845410387000015, -7.298571126999946, 0.0 ], [ 112.845526044000053, -7.298692148999976, 0.0 ], [ 112.844939700000054, -7.299302015999956, 0.0 ], [ 112.845583905000012, -7.299182849999966, 0.0 ], [ 112.845978307000109, -7.29927814399997, 0.0 ], [ 112.846114832000012, -7.299718724999934, 0.0 ], [ 112.846315301000118, -7.29985675599994, 0.0 ], [ 112.846172939000098, -7.300111896999965, 0.0 ], [ 112.846299989000045, -7.300361597999938, 0.0 ], [ 112.845925989000079, -7.300649506999946, 0.0 ], [ 112.846062828000072, -7.301166743999943, 0.0 ], [ 112.845837340000116, -7.301462722999929, 0.0 ], [ 112.845883699000069, -7.301640435999957, 0.0 ], [ 112.845433222000111, -7.301736245999962, 0.0 ], [ 112.845484393000106, -7.302292523999938, 0.0 ], [ 112.845281022000108, -7.302771738999979, 0.0 ], [ 112.844188725000095, -7.304125116999955, 0.0 ], [ 112.843947134000018, -7.304822526999942, 0.0 ], [ 112.843274705000113, -7.305371998999931, 0.0 ], [ 112.843461557000069, -7.30556431399998, 0.0 ], [ 112.841322011000102, -7.307600230999981, 0.0 ], [ 112.840033243000107, -7.309808321999981, 0.0 ], [ 112.839333415000056, -7.310178343999951, 0.0 ], [ 112.838012993, -7.310059514999978, 0.0 ], [ 112.834041117000083, -7.308953895999935, 0.0 ], [ 112.825427548000107, -7.307092544999932, 0.0 ], [ 112.822526700000026, -7.306984754999974, 0.0 ], [ 112.821215936000044, -7.306296615999941, 0.0 ], [ 112.820234962000086, -7.305258633999927, 0.0 ], [ 112.819273656000064, -7.303851139999949, 0.0 ], [ 112.8168015010001, -7.301695673999973, 0.0 ], [ 112.815470702000084, -7.300947574999952, 0.0 ], [ 112.813169636000111, -7.300180159999968, 0.0 ], [ 112.811698475000071, -7.299052701999926, 0.0 ], [ 112.810137855000107, -7.298734195999941, 0.0 ], [ 112.808867778000035, -7.299074631999929, 0.0 ], [ 112.808157987000072, -7.299594455999966, 0.0 ], [ 112.806948567000063, -7.300833628999953, 0.0 ], [ 112.806029483000088, -7.302442190999955, 0.0 ], [ 112.805889982000053, -7.303341067999952, 0.0 ], [ 112.805980463000083, -7.304010188999939, 0.0 ], [ 112.807252066000046, -7.305747028999974, 0.0 ], [ 112.808352990000117, -7.306744987999934, 0.0 ], [ 112.80851356200003, -7.30752393299997, 0.0 ] ], [ [ 112.77150365500006, -7.285249419999957, 0.0 ], [ 112.77119884800004, -7.287641601999951, 0.0 ], [ 112.770682144000034, -7.289543956999978, 0.0 ], [ 112.772480463000079, -7.289401811999937, 0.0 ], [ 112.773715457000094, -7.285436261999962, 0.0 ], [ 112.77150365500006, -7.285249419999957, 0.0 ] ] ], [ [ [ 112.836923368000043, -7.267401450999955, 0.0 ], [ 112.836919871000077, -7.26740091399995, 0.0 ], [ 112.836931431000039, -7.26739973399998, 0.0 ], [ 112.836923368000043, -7.267401450999955, 0.0 ] ] ] ] } },
{ "type": "Feature", "properties": { "kecamatan": "Sukomanunggal" }, "geometry": { "type": "Polygon", "coordinates": [ [ [ 112.707274341000016, -7.284506157999942, 0.0 ], [ 112.707133222000039, -7.285174031999929, 0.0 ], [ 112.707533498000089, -7.285261329999969, 0.0 ], [ 112.707827982000026, -7.285106418999931, 0.0 ], [ 112.706936150000047, -7.288649188999955, 0.0 ], [ 112.706267183000023, -7.288547503999951, 0.0 ], [ 112.706204753000065, -7.28872892399994, 0.0 ], [ 112.706426609, -7.289210642999933, 0.0 ], [ 112.706347142000027, -7.289604100999952, 0.0 ], [ 112.705915180000034, -7.289479591999964, 0.0 ], [ 112.705452937000018, -7.291023998999947, 0.0 ], [ 112.704563646000111, -7.291580960999966, 0.0 ], [ 112.70445867300009, -7.291919784999948, 0.0 ], [ 112.703722968000079, -7.292347618999941, 0.0 ], [ 112.703585661000034, -7.292803422999953, 0.0 ], [ 112.702796484000032, -7.293811212999969, 0.0 ], [ 112.700155657000096, -7.292352946999927, 0.0 ], [ 112.697803794000038, -7.29145045599995, 0.0 ], [ 112.694502716000102, -7.289895544999979, 0.0 ], [ 112.694502136000096, -7.28855561599994, 0.0 ], [ 112.694860295000012, -7.286186216999965, 0.0 ], [ 112.694444363000116, -7.286022726999931, 0.0 ], [ 112.69468706400005, -7.285180805999971, 0.0 ], [ 112.695007865000093, -7.285024260999933, 0.0 ], [ 112.695100558000036, -7.284625374999962, 0.0 ], [ 112.695029086000091, -7.284433147999948, 0.0 ], [ 112.69437783300009, -7.284330158999978, 0.0 ], [ 112.694377763000034, -7.284166385999981, 0.0 ], [ 112.696856935000028, -7.282195051999963, 0.0 ], [ 112.696563074000096, -7.281823234999933, 0.0 ], [ 112.696917592000091, -7.281452306999938, 0.0 ], [ 112.696690655000111, -7.281256634999977, 0.0 ], [ 112.697348010000042, -7.280678771999931, 0.0 ], [ 112.695911115000058, -7.278812023999933, 0.0 ], [ 112.694912013000021, -7.279508432999933, 0.0 ], [ 112.694776338000111, -7.279415924999967, 0.0 ], [ 112.695751651000023, -7.278559931999951, 0.0 ], [ 112.691048804000047, -7.278029468999932, 0.0 ], [ 112.690544448000082, -7.278610663999928, 0.0 ], [ 112.68983735200004, -7.277812967999978, 0.0 ], [ 112.688922818000037, -7.278562078999926, 0.0 ], [ 112.688553755000044, -7.27809037399993, 0.0 ], [ 112.687390974000095, -7.279096479999964, 0.0 ], [ 112.685380999000017, -7.276565285999936, 0.0 ], [ 112.685054705000084, -7.276553928999931, 0.0 ], [ 112.685190247000037, -7.274757225999963, 0.0 ], [ 112.683787460000076, -7.274663543999964, 0.0 ], [ 112.684066228, -7.273789764999947, 0.0 ], [ 112.684353287000022, -7.273858306999955, 0.0 ], [ 112.684559513000067, -7.273194801999978, 0.0 ], [ 112.685376958, -7.273046669999928, 0.0 ], [ 112.685942512000111, -7.266211897999938, 0.0 ], [ 112.68623012, -7.266237003999947, 0.0 ], [ 112.686236285000064, -7.265930911999931, 0.0 ], [ 112.687457247000111, -7.266050400999973, 0.0 ], [ 112.687868756000057, -7.261943677999966, 0.0 ], [ 112.688498050000021, -7.262132575999942, 0.0 ], [ 112.688705924000033, -7.261672650999969, 0.0 ], [ 112.688558101000012, -7.261316836999981, 0.0 ], [ 112.689553999000054, -7.256914265999967, 0.0 ], [ 112.689944751000098, -7.25700059199994, 0.0 ], [ 112.69067287300004, -7.254497606999962, 0.0 ], [ 112.691523692000032, -7.254431906999969, 0.0 ], [ 112.692288947000065, -7.251654602999963, 0.0 ], [ 112.695537023000043, -7.249575487999948, 0.0 ], [ 112.695998722000013, -7.250033100999929, 0.0 ], [ 112.696581367000022, -7.250160113999925, 0.0 ], [ 112.696905429000026, -7.25055303299996, 0.0 ], [ 112.697177483000019, -7.253811005999978, 0.0 ], [ 112.697484933000055, -7.254044087999944, 0.0 ], [ 112.69799169800001, -7.254047167999943, 0.0 ], [ 112.698231522000015, -7.253856136999957, 0.0 ], [ 112.69858010400003, -7.252395634999971, 0.0 ], [ 112.700056071000063, -7.252821106999932, 0.0 ], [ 112.700219620000098, -7.252074409999977, 0.0 ], [ 112.700598261000096, -7.252047543999936, 0.0 ], [ 112.701272562000099, -7.252928372999975, 0.0 ], [ 112.701035556000079, -7.253346467999961, 0.0 ], [ 112.701557799000057, -7.253137313999957, 0.0 ], [ 112.702102929000034, -7.253316524999946, 0.0 ], [ 112.702462173000072, -7.254427189999944, 0.0 ], [ 112.702921192000076, -7.254795527999931, 0.0 ], [ 112.705220726000107, -7.254686419999928, 0.0 ], [ 112.706031124000106, -7.254216866999968, 0.0 ], [ 112.70726662200002, -7.254025621999972, 0.0 ], [ 112.708431615000109, -7.25351868499996, 0.0 ], [ 112.708996950000028, -7.253545429999974, 0.0 ], [ 112.709693322000021, -7.253334674999962, 0.0 ], [ 112.710079669000038, -7.252800580999974, 0.0 ], [ 112.711354151000023, -7.253027021999969, 0.0 ], [ 112.711486319000073, -7.252931240999942, 0.0 ], [ 112.712154912000074, -7.253160908999973, 0.0 ], [ 112.712148360000015, -7.253620222999928, 0.0 ], [ 112.712740417000077, -7.25515334399995, 0.0 ], [ 112.713244282, -7.255352400999925, 0.0 ], [ 112.713663068000074, -7.255860390999942, 0.0 ], [ 112.714144990000023, -7.25595905199998, 0.0 ], [ 112.712603295, -7.266564993999964, 0.0 ], [ 112.713853127000107, -7.266836989999945, 0.0 ], [ 112.713644704000103, -7.268225134999966, 0.0 ], [ 112.713284195000028, -7.269214796999961, 0.0 ], [ 112.713139013000045, -7.269398302999946, 0.0 ], [ 112.712922373000083, -7.269390079999937, 0.0 ], [ 112.711655096000072, -7.268871174999958, 0.0 ], [ 112.710613675000104, -7.272787024999957, 0.0 ], [ 112.708727073000091, -7.27256904199993, 0.0 ], [ 112.708559197000113, -7.275749901999973, 0.0 ], [ 112.708101398000053, -7.275830151999969, 0.0 ], [ 112.70818746000009, -7.27692935999994, 0.0 ], [ 112.708067676000042, -7.278281506999974, 0.0 ], [ 112.707763549000106, -7.27818646999998, 0.0 ], [ 112.70744749500011, -7.27904201299998, 0.0 ], [ 112.706696011000076, -7.278714175999937, 0.0 ], [ 112.70657819500002, -7.279056493999974, 0.0 ], [ 112.70620277, -7.278912270999967, 0.0 ], [ 112.705065287000025, -7.277426079999941, 0.0 ], [ 112.704791510000064, -7.277661010999964, 0.0 ], [ 112.704574956000101, -7.277395600999967, 0.0 ], [ 112.7013260760001, -7.28017059299998, 0.0 ], [ 112.701540638000097, -7.280439877999981, 0.0 ], [ 112.699738095000043, -7.281896614999937, 0.0 ], [ 112.699980968000091, -7.282123146999936, 0.0 ], [ 112.699626079000041, -7.282394570999941, 0.0 ], [ 112.700312153000027, -7.283116976999963, 0.0 ], [ 112.700042414000109, -7.283317005999947, 0.0 ], [ 112.700428063000118, -7.283808272999977, 0.0 ], [ 112.700711604000048, -7.283595634999926, 0.0 ], [ 112.701271029000054, -7.284449613999925, 0.0 ], [ 112.703911739000091, -7.282273308999947, 0.0 ], [ 112.704768608000109, -7.283228145999942, 0.0 ], [ 112.707324626000059, -7.283689936999963, 0.0 ], [ 112.706886755000028, -7.284427998999945, 0.0 ], [ 112.707274341000016, -7.284506157999942, 0.0 ] ] ] } },
{ "type": "Feature", "properties": { "kecamatan": "Tambaksari" }, "geometry": { "type": "Polygon", "coordinates": [ [ [ 112.756475667000018, -7.265768427999944, 0.0 ], [ 112.755241768000019, -7.266923921999933, 0.0 ], [ 112.755148953000116, -7.268546841999978, 0.0 ], [ 112.754914706000022, -7.268937181999945, 0.0 ], [ 112.754571009000074, -7.269077812999967, 0.0 ], [ 112.753070478000041, -7.268594848999953, 0.0 ], [ 112.752382391000083, -7.26779935299993, 0.0 ], [ 112.75210103400002, -7.267674714999941, 0.0 ], [ 112.750163458000088, -7.268175145999976, 0.0 ], [ 112.749900253000078, -7.268152580999981, 0.0 ], [ 112.749755, -7.267908, 0.0 ], [ 112.750339, -7.266869001999964, 0.0 ], [ 112.750645421000058, -7.26584360399994, 0.0 ], [ 112.750668591000021, -7.264498425999932, 0.0 ], [ 112.750514818000056, -7.26394666799996, 0.0 ], [ 112.752268695000112, -7.264224675999969, 0.0 ], [ 112.75283528500006, -7.256099002999974, 0.0 ], [ 112.750455754000086, -7.25602483199998, 0.0 ], [ 112.749689989000103, -7.252753057999939, 0.0 ], [ 112.749698371000022, -7.251449698999977, 0.0 ], [ 112.753099527000018, -7.251413065999941, 0.0 ], [ 112.753257274000021, -7.249154766999936, 0.0 ], [ 112.755607916000031, -7.249307313999964, 0.0 ], [ 112.757895574000031, -7.248633414999972, 0.0 ], [ 112.759140807000108, -7.248969925999972, 0.0 ], [ 112.760626201000036, -7.243419891999963, 0.0 ], [ 112.761920137000061, -7.239575097999932, 0.0 ], [ 112.763722035000114, -7.23640009099995, 0.0 ], [ 112.764113257000076, -7.236485467999955, 0.0 ], [ 112.765677905000075, -7.23613729799996, 0.0 ], [ 112.766526856000041, -7.23637083899996, 0.0 ], [ 112.766562106000038, -7.236194869999963, 0.0 ], [ 112.767018575000066, -7.23632577799998, 0.0 ], [ 112.766958958000032, -7.236482166999963, 0.0 ], [ 112.769420980000064, -7.237238858999945, 0.0 ], [ 112.769891196000117, -7.235796562999951, 0.0 ], [ 112.77060093800003, -7.235735060999957, 0.0 ], [ 112.771536515000093, -7.236066229999949, 0.0 ], [ 112.772998237000024, -7.236171180999975, 0.0 ], [ 112.773936652000089, -7.237118527999939, 0.0 ], [ 112.77442416800011, -7.236815202999935, 0.0 ], [ 112.774630785000113, -7.23696750199997, 0.0 ], [ 112.775410763000082, -7.236715665999952, 0.0 ], [ 112.776369407000061, -7.235210012999971, 0.0 ], [ 112.777186921000066, -7.235387241999945, 0.0 ], [ 112.77725406400009, -7.235158283999965, 0.0 ], [ 112.777556128000015, -7.235214519999943, 0.0 ], [ 112.777843195000059, -7.234518521999973, 0.0 ], [ 112.777482538000072, -7.234129959999962, 0.0 ], [ 112.777983884000037, -7.233094065999978, 0.0 ], [ 112.779136921000031, -7.233653562999962, 0.0 ], [ 112.77930729600007, -7.233629694999934, 0.0 ], [ 112.779508251000038, -7.233022831999961, 0.0 ], [ 112.779862592000086, -7.233081553999966, 0.0 ], [ 112.779610107000053, -7.233725149999941, 0.0 ], [ 112.779911489000028, -7.233777561999943, 0.0 ], [ 112.780326986000091, -7.234527730999957, 0.0 ], [ 112.780338128000039, -7.234755308999979, 0.0 ], [ 112.779977808000012, -7.235205854999947, 0.0 ], [ 112.780410343000085, -7.235738655999967, 0.0 ], [ 112.781160839000108, -7.235718316999964, 0.0 ], [ 112.781440031000102, -7.23485865899994, 0.0 ], [ 112.783995308000044, -7.235155549999945, 0.0 ], [ 112.783496854000077, -7.238162720999981, 0.0 ], [ 112.783604807000074, -7.242468368999937, 0.0 ], [ 112.783185185000093, -7.244197225999926, 0.0 ], [ 112.782832487000064, -7.247352507999949, 0.0 ], [ 112.789637550000066, -7.24786366099994, 0.0 ], [ 112.789445724000075, -7.248555617999955, 0.0 ], [ 112.789053946000081, -7.248525470999937, 0.0 ], [ 112.788740009000094, -7.249781755999948, 0.0 ], [ 112.787611644000094, -7.24932537199993, 0.0 ], [ 112.787463456000069, -7.24994917999993, 0.0 ], [ 112.786638122000113, -7.249636648999967, 0.0 ], [ 112.78669465400003, -7.249392413999942, 0.0 ], [ 112.786557935000019, -7.249349891999941, 0.0 ], [ 112.786508721000018, -7.249499281999931, 0.0 ], [ 112.783624099, -7.248952335999945, 0.0 ], [ 112.783396130000028, -7.249616486999969, 0.0 ], [ 112.780296472000032, -7.252542415999926, 0.0 ], [ 112.782321360000083, -7.253290429999936, 0.0 ], [ 112.780971623000028, -7.254870226999969, 0.0 ], [ 112.777951470000062, -7.25431290299997, 0.0 ], [ 112.776298576000045, -7.258696474999965, 0.0 ], [ 112.775615687000027, -7.258668045999968, 0.0 ], [ 112.77533384000003, -7.258880541999929, 0.0 ], [ 112.77528777100008, -7.259201607999955, 0.0 ], [ 112.775048569000091, -7.259295841999972, 0.0 ], [ 112.775055408000071, -7.259651265999935, 0.0 ], [ 112.774365491000026, -7.26088598299998, 0.0 ], [ 112.774539059000062, -7.261160415999939, 0.0 ], [ 112.774133201000041, -7.261806760999946, 0.0 ], [ 112.773959037000054, -7.262603826999964, 0.0 ], [ 112.774290255000096, -7.262638416999948, 0.0 ], [ 112.774603153000044, -7.26239796699997, 0.0 ], [ 112.775081180000029, -7.262723837999943, 0.0 ], [ 112.775599560000046, -7.261896913999976, 0.0 ], [ 112.776313833000017, -7.262229035999951, 0.0 ], [ 112.777228109000021, -7.262734529999932, 0.0 ], [ 112.776711918000046, -7.264119281999967, 0.0 ], [ 112.76400642100009, -7.262799161999965, 0.0 ], [ 112.76463190000004, -7.263481295999952, 0.0 ], [ 112.764078821000112, -7.263642252999944, 0.0 ], [ 112.763735959000087, -7.264047990999927, 0.0 ], [ 112.762835815000017, -7.265281074999962, 0.0 ], [ 112.762726762000057, -7.265874091999933, 0.0 ], [ 112.756475667000018, -7.265768427999944, 0.0 ] ] ] } },
{ "type": "Feature", "properties": { "kecamatan": "Tandes" }, "geometry": { "type": "Polygon", "coordinates": [ [ [ 112.685942512000111, -7.266211897999938, 0.0 ], [ 112.685376958, -7.273046669999928, 0.0 ], [ 112.684559513000067, -7.273194801999978, 0.0 ], [ 112.684353287000022, -7.273858306999955, 0.0 ], [ 112.684066228, -7.273789764999947, 0.0 ], [ 112.683789097000044, -7.274461849999966, 0.0 ], [ 112.683787460000076, -7.274663543999964, 0.0 ], [ 112.685190247000037, -7.274757225999963, 0.0 ], [ 112.685054705000084, -7.276553928999931, 0.0 ], [ 112.683366359000047, -7.276075276999961, 0.0 ], [ 112.683112313000038, -7.275766675999932, 0.0 ], [ 112.682951553000066, -7.275950358999978, 0.0 ], [ 112.680366803000084, -7.274768543999926, 0.0 ], [ 112.679170916000089, -7.274512257999959, 0.0 ], [ 112.678407004000064, -7.273957577999965, 0.0 ], [ 112.678039009000031, -7.27338832099997, 0.0 ], [ 112.678097084000115, -7.272961135999935, 0.0 ], [ 112.677694435000035, -7.272007345999953, 0.0 ], [ 112.67524056000002, -7.271315441999946, 0.0 ], [ 112.675099637000017, -7.271853587999942, 0.0 ], [ 112.672417479000046, -7.270872861999976, 0.0 ], [ 112.67304639300005, -7.26792142499994, 0.0 ], [ 112.673445492000042, -7.267456458999959, 0.0 ], [ 112.674115749000066, -7.267586152999968, 0.0 ], [ 112.674263274000054, -7.267198054999938, 0.0 ], [ 112.674859455000046, -7.267447623999942, 0.0 ], [ 112.675157091000074, -7.267288408999946, 0.0 ], [ 112.675390671000059, -7.267373969999937, 0.0 ], [ 112.675616113000046, -7.267056365999963, 0.0 ], [ 112.676152306000063, -7.267318450999937, 0.0 ], [ 112.67638028500005, -7.267262280999944, 0.0 ], [ 112.676111950000063, -7.26642289199998, 0.0 ], [ 112.676253433000056, -7.264828121999926, 0.0 ], [ 112.676394748, -7.264617774999977, 0.0 ], [ 112.67578783600004, -7.264131212999928, 0.0 ], [ 112.675946286000112, -7.263104466999948, 0.0 ], [ 112.676203903000101, -7.262696320999964, 0.0 ], [ 112.675715344000082, -7.262259061999941, 0.0 ], [ 112.675581750000106, -7.261812152999937, 0.0 ], [ 112.673466108000071, -7.262070193999932, 0.0 ], [ 112.672525399000051, -7.262513213999966, 0.0 ], [ 112.671445732000052, -7.262347494999972, 0.0 ], [ 112.671105801000067, -7.263472340999954, 0.0 ], [ 112.669507743000054, -7.263240664999955, 0.0 ], [ 112.669391020000035, -7.26360008599994, 0.0 ], [ 112.668808459000047, -7.263700587999949, 0.0 ], [ 112.667277969000111, -7.263533090999942, 0.0 ], [ 112.666384504, -7.266637012999979, 0.0 ], [ 112.666842602000088, -7.266841721999981, 0.0 ], [ 112.666874139000015, -7.267476773999931, 0.0 ], [ 112.667618976000085, -7.268635350999944, 0.0 ], [ 112.668394920000082, -7.269461037999974, 0.0 ], [ 112.668188648000068, -7.271089589999974, 0.0 ], [ 112.667362214000036, -7.270929272999979, 0.0 ], [ 112.666424531000075, -7.271135133999962, 0.0 ], [ 112.666021141000101, -7.271492442999943, 0.0 ], [ 112.666055492000055, -7.271979316999932, 0.0 ], [ 112.665316197000038, -7.272021811999934, 0.0 ], [ 112.664710362000051, -7.27182804399996, 0.0 ], [ 112.664736979000054, -7.271655275999933, 0.0 ], [ 112.664477785000031, -7.271549462999928, 0.0 ], [ 112.664738592000049, -7.270957991999978, 0.0 ], [ 112.665248352000049, -7.271097871999928, 0.0 ], [ 112.665428020000036, -7.270655592999958, 0.0 ], [ 112.665006435, -7.270493331999944, 0.0 ], [ 112.66504498200004, -7.270335526999929, 0.0 ], [ 112.663267568000037, -7.269750726999973, 0.0 ], [ 112.663120774000049, -7.270357983999929, 0.0 ], [ 112.661754791000021, -7.270142116999978, 0.0 ], [ 112.662707280000063, -7.267820128999972, 0.0 ], [ 112.662850481000078, -7.266006047999952, 0.0 ], [ 112.662614483000084, -7.265958676999958, 0.0 ], [ 112.662671943000078, -7.26566050699995, 0.0 ], [ 112.662363418000041, -7.265580842999952, 0.0 ], [ 112.662552469000047, -7.264861181999947, 0.0 ], [ 112.661235136000073, -7.263634690999936, 0.0 ], [ 112.660970507000116, -7.263774228999978, 0.0 ], [ 112.660948184000063, -7.263620666999941, 0.0 ], [ 112.660696930000086, -7.263564173999953, 0.0 ], [ 112.660727240000028, -7.263331797999967, 0.0 ], [ 112.660429858000043, -7.263252928999975, 0.0 ], [ 112.660419371000103, -7.262991165999949, 0.0 ], [ 112.659667505000016, -7.262818498999934, 0.0 ], [ 112.659408869000117, -7.262603665999961, 0.0 ], [ 112.659439235000036, -7.261942598999951, 0.0 ], [ 112.658942144000093, -7.261956377999979, 0.0 ], [ 112.658699316000025, -7.26107207299998, 0.0 ], [ 112.658936959000016, -7.260360768999931, 0.0 ], [ 112.659736339, -7.260153896999952, 0.0 ], [ 112.65952436200007, -7.259442203999981, 0.0 ], [ 112.659316723000074, -7.259404812999946, 0.0 ], [ 112.659944453000094, -7.255977667999957, 0.0 ], [ 112.658344682, -7.255730036999978, 0.0 ], [ 112.657759507000037, -7.256320585999958, 0.0 ], [ 112.65721303700002, -7.255933812999956, 0.0 ], [ 112.65732807400002, -7.255680468999969, 0.0 ], [ 112.656883732000097, -7.255522467999981, 0.0 ], [ 112.656905434, -7.255270523999968, 0.0 ], [ 112.655984854000053, -7.254920495999954, 0.0 ], [ 112.655715264000037, -7.255052020999926, 0.0 ], [ 112.655470062000063, -7.254930506999926, 0.0 ], [ 112.654713553000079, -7.255445852999969, 0.0 ], [ 112.65464380100002, -7.254522814999973, 0.0 ], [ 112.654401133000079, -7.254256737999981, 0.0 ], [ 112.654629941000053, -7.25386182799997, 0.0 ], [ 112.655196631000081, -7.251586969999948, 0.0 ], [ 112.655108779000102, -7.250492756999961, 0.0 ], [ 112.655280027000117, -7.249822256999948, 0.0 ], [ 112.654437512000072, -7.242163603999927, 0.0 ], [ 112.65476938200004, -7.241193469999928, 0.0 ], [ 112.657796968000071, -7.238718261999963, 0.0 ], [ 112.658054529000083, -7.238723303999961, 0.0 ], [ 112.658315716000061, -7.239113767999982, 0.0 ], [ 112.659193247000076, -7.239297179999937, 0.0 ], [ 112.659369885000046, -7.238989757999946, 0.0 ], [ 112.65917192500001, -7.238265703999957, 0.0 ], [ 112.659816515000102, -7.237389094999969, 0.0 ], [ 112.660222975000011, -7.237166313999978, 0.0 ], [ 112.66074229600008, -7.237573226999928, 0.0 ], [ 112.660965934000046, -7.238128647999929, 0.0 ], [ 112.662927361000015, -7.238922943999967, 0.0 ], [ 112.664173085000016, -7.23890642899994, 0.0 ], [ 112.664587859000108, -7.239317602999961, 0.0 ], [ 112.665085670000053, -7.239507173999925, 0.0 ], [ 112.66549465300011, -7.239972196999929, 0.0 ], [ 112.666036854000026, -7.24207381399998, 0.0 ], [ 112.666491779000012, -7.242390857999965, 0.0 ], [ 112.667138300000033, -7.242095, 0.0 ], [ 112.667509719, -7.242321335999975, 0.0 ], [ 112.667739367000081, -7.241249893999964, 0.0 ], [ 112.668866630000025, -7.24159266199996, 0.0 ], [ 112.669245764000038, -7.240454878999969, 0.0 ], [ 112.66911889000005, -7.240156293999974, 0.0 ], [ 112.669320696000113, -7.239787474999957, 0.0 ], [ 112.670519013000103, -7.239780334999978, 0.0 ], [ 112.671514794000018, -7.240201329999934, 0.0 ], [ 112.672185504000026, -7.240174941999953, 0.0 ], [ 112.672280534000038, -7.240034718999937, 0.0 ], [ 112.672772297000051, -7.240130920999945, 0.0 ], [ 112.673393719000046, -7.23825839999995, 0.0 ], [ 112.67375655100011, -7.238127789999965, 0.0 ], [ 112.675306653, -7.238418211999942, 0.0 ], [ 112.675181205000058, -7.239480896999964, 0.0 ], [ 112.675273067000035, -7.241002123999976, 0.0 ], [ 112.675099914000043, -7.241535662999979, 0.0 ], [ 112.674472665000053, -7.242239542999926, 0.0 ], [ 112.67387890200007, -7.244940349999979, 0.0 ], [ 112.674200888000087, -7.245720159999962, 0.0 ], [ 112.674566795000032, -7.248268030999952, 0.0 ], [ 112.678078679, -7.249475200999939, 0.0 ], [ 112.682176520000098, -7.249761494999973, 0.0 ], [ 112.681968291000089, -7.252693065999949, 0.0 ], [ 112.682662852000021, -7.25273894999998, 0.0 ], [ 112.682794428000079, -7.252581978999956, 0.0 ], [ 112.683407214000113, -7.252805080999963, 0.0 ], [ 112.685429113000055, -7.252712695999946, 0.0 ], [ 112.68807287900006, -7.252431061999971, 0.0 ], [ 112.688095222000015, -7.252258750999943, 0.0 ], [ 112.688879252000106, -7.252411411999958, 0.0 ], [ 112.689474819000111, -7.252540683999939, 0.0 ], [ 112.689150227000027, -7.254156744999932, 0.0 ], [ 112.691718176000109, -7.252783535999981, 0.0 ], [ 112.692048790000058, -7.252782304999926, 0.0 ], [ 112.691523692000032, -7.254431906999969, 0.0 ], [ 112.69067287300004, -7.254497606999962, 0.0 ], [ 112.689944751000098, -7.25700059199994, 0.0 ], [ 112.689553999000054, -7.256914265999967, 0.0 ], [ 112.688558101000012, -7.261316836999981, 0.0 ], [ 112.688705924000033, -7.261672650999969, 0.0 ], [ 112.688498050000021, -7.262132575999942, 0.0 ], [ 112.687868756000057, -7.261943677999966, 0.0 ], [ 112.687457247000111, -7.266050400999973, 0.0 ], [ 112.686236285000064, -7.265930911999931, 0.0 ], [ 112.68623012, -7.266237003999947, 0.0 ], [ 112.685942512000111, -7.266211897999938, 0.0 ] ] ] } },
{ "type": "Feature", "properties": { "kecamatan": "Tegalsari" }, "geometry": { "type": "Polygon", "coordinates": [ [ [ 112.737835621000045, -7.276571123999929, 0.0 ], [ 112.741298972000095, -7.277367174999938, 0.0 ], [ 112.742234400000029, -7.273290908999968, 0.0 ], [ 112.743473517000098, -7.274013383999943, 0.0 ], [ 112.74433172900001, -7.272476935999975, 0.0 ], [ 112.744704090000027, -7.272664655999961, 0.0 ], [ 112.743818092000083, -7.274452563999944, 0.0 ], [ 112.743744306000053, -7.27593991699996, 0.0 ], [ 112.74405493900008, -7.277261880999959, 0.0 ], [ 112.746799678000116, -7.282356905999961, 0.0 ], [ 112.747104684000078, -7.28311150199994, 0.0 ], [ 112.747246052000037, -7.28442922499994, 0.0 ], [ 112.746996613000078, -7.285545954999975, 0.0 ], [ 112.746515052000063, -7.286292297999978, 0.0 ], [ 112.743576045000054, -7.289277345999949, 0.0 ], [ 112.742970812000067, -7.290164071999925, 0.0 ], [ 112.741822306000017, -7.290115582999931, 0.0 ], [ 112.73966508, -7.289242267999953, 0.0 ], [ 112.737761890000115, -7.289208997999935, 0.0 ], [ 112.735913739000011, -7.289643037999952, 0.0 ], [ 112.731754500000079, -7.281272185999967, 0.0 ], [ 112.728874927000106, -7.277659622999977, 0.0 ], [ 112.727952331000097, -7.276720570999942, 0.0 ], [ 112.72784936100004, -7.277044298999954, 0.0 ], [ 112.72773183400011, -7.27655666499993, 0.0 ], [ 112.726435006000088, -7.274860020999938, 0.0 ], [ 112.726919105000093, -7.274788086999934, 0.0 ], [ 112.727136743000074, -7.273868277999952, 0.0 ], [ 112.72882938500004, -7.269891609999945, 0.0 ], [ 112.733180895000032, -7.258446190999962, 0.0 ], [ 112.740067185000044, -7.261438917999953, 0.0 ], [ 112.740537114000063, -7.262154807999934, 0.0 ], [ 112.741097652, -7.263979617999951, 0.0 ], [ 112.741034649000085, -7.266283655999928, 0.0 ], [ 112.741486397000017, -7.269091407999952, 0.0 ], [ 112.738957464, -7.26859744199993, 0.0 ], [ 112.73836540100001, -7.27088549299998, 0.0 ], [ 112.739094870000031, -7.271081912999932, 0.0 ], [ 112.739046253000083, -7.271522284999946, 0.0 ], [ 112.739699168000016, -7.271760038999957, 0.0 ], [ 112.739677002, -7.272403975999964, 0.0 ], [ 112.74029925800005, -7.272763870999938, 0.0 ], [ 112.740185355000108, -7.273048992999975, 0.0 ], [ 112.740772013000083, -7.273316010999963, 0.0 ], [ 112.740593712000077, -7.273946931999944, 0.0 ], [ 112.740186034000089, -7.273863013999971, 0.0 ], [ 112.73990283, -7.274279263999972, 0.0 ], [ 112.739771415000064, -7.274183579999942, 0.0 ], [ 112.739636553000082, -7.274534950999964, 0.0 ], [ 112.739530216000048, -7.274482488999979, 0.0 ], [ 112.739620283000022, -7.274323513999946, 0.0 ], [ 112.739248822000036, -7.274033761999931, 0.0 ], [ 112.738692133000086, -7.273901981999927, 0.0 ], [ 112.738410434000116, -7.273998295999945, 0.0 ], [ 112.737835621000045, -7.276571123999929, 0.0 ] ] ] } },
{ "type": "Feature", "properties": { "kecamatan": "Tenggilis Mejoyo" }, "geometry": { "type": "Polygon", "coordinates": [ [ [ 112.758651436000036, -7.330410504999975, 0.0 ], [ 112.75844857900006, -7.331873051999935, 0.0 ], [ 112.759318665000023, -7.331948592999936, 0.0 ], [ 112.759053449000021, -7.335805956999934, 0.0 ], [ 112.75545825800009, -7.335518691999937, 0.0 ], [ 112.754158698000083, -7.338498216999938, 0.0 ], [ 112.754072903000065, -7.340098914999942, 0.0 ], [ 112.753693355000109, -7.340872197999943, 0.0 ], [ 112.753638945000034, -7.342018680999956, 0.0 ], [ 112.753460557000039, -7.342230266999934, 0.0 ], [ 112.752410302000044, -7.34236427899998, 0.0 ], [ 112.748914388000117, -7.34219408499996, 0.0 ], [ 112.747822081000095, -7.342369986999927, 0.0 ], [ 112.743804733000047, -7.341202270999929, 0.0 ], [ 112.743028184000082, -7.340815206999935, 0.0 ], [ 112.742883526000014, -7.340953742999943, 0.0 ], [ 112.742035000000101, -7.340662001999931, 0.0 ], [ 112.742344000000116, -7.338954, 0.0 ], [ 112.741985001000103, -7.338705, 0.0 ], [ 112.741955, -7.338486, 0.0 ], [ 112.742243, -7.337702, 0.0 ], [ 112.742390000000114, -7.33664300099997, 0.0 ], [ 112.742107, -7.33539, 0.0 ], [ 112.742181001000063, -7.334842, 0.0 ], [ 112.742574001000094, -7.334234, 0.0 ], [ 112.74332799900003, -7.331355, 0.0 ], [ 112.743860209000104, -7.324800932999949, 0.0 ], [ 112.743857001000038, -7.32274100199993, 0.0 ], [ 112.746771, -7.323087, 0.0 ], [ 112.746917, -7.3223, 0.0 ], [ 112.747311001000071, -7.322132, 0.0 ], [ 112.746792, -7.320408, 0.0 ], [ 112.747944, -7.319728, 0.0 ], [ 112.747541, -7.318907, 0.0 ], [ 112.7480240000001, -7.317408, 0.0 ], [ 112.749375402000055, -7.31756048799997, 0.0 ], [ 112.750905000000103, -7.318149, 0.0 ], [ 112.754239670000061, -7.315256688999966, 0.0 ], [ 112.753312999000059, -7.314626000999965, 0.0 ], [ 112.753204, -7.314395, 0.0 ], [ 112.753147375000026, -7.311694913999929, 0.0 ], [ 112.753878727000028, -7.311575176999952, 0.0 ], [ 112.7550105360001, -7.311788586999967, 0.0 ], [ 112.755608961, -7.312141649999944, 0.0 ], [ 112.755813155000055, -7.311748344999955, 0.0 ], [ 112.75611724800001, -7.311668503999954, 0.0 ], [ 112.756351810000069, -7.312116360999937, 0.0 ], [ 112.756851715000039, -7.312345680999954, 0.0 ], [ 112.759079, -7.309485, 0.0 ], [ 112.758887, -7.308926, 0.0 ], [ 112.7607792660001, -7.305879714999946, 0.0 ], [ 112.772690970000099, -7.309010761999957, 0.0 ], [ 112.77164080600005, -7.31140946599993, 0.0 ], [ 112.770711945000016, -7.310398991999932, 0.0 ], [ 112.769327043000089, -7.310284635999949, 0.0 ], [ 112.768573881000066, -7.310629805999952, 0.0 ], [ 112.768542909000075, -7.311240952999981, 0.0 ], [ 112.768307761000074, -7.311805196999956, 0.0 ], [ 112.768355101000111, -7.312212647999957, 0.0 ], [ 112.768857665000041, -7.312792098999978, 0.0 ], [ 112.768952084000034, -7.313168139999959, 0.0 ], [ 112.768967997, -7.31357560999993, 0.0 ], [ 112.768717092000088, -7.31384216899994, 0.0 ], [ 112.76819927300005, -7.314108792999946, 0.0 ], [ 112.767712681000035, -7.313889699999947, 0.0 ], [ 112.767100778000099, -7.314344563999953, 0.0 ], [ 112.765939601000014, -7.314721349999957, 0.0 ], [ 112.76575131900006, -7.314752749999968, 0.0 ], [ 112.765455473000088, -7.314423850999958, 0.0 ], [ 112.757353250000051, -7.330268507999961, 0.0 ], [ 112.758651436000036, -7.330410504999975, 0.0 ] ] ] } },
{ "type": "Feature", "properties": { "kecamatan": "Wiyung" }, "geometry": { "type": "Polygon", "coordinates": [ [ [ 112.690285295000081, -7.322410149999939, 0.0 ], [ 112.690022523000039, -7.32437718999995, 0.0 ], [ 112.690807136000103, -7.324490499999968, 0.0 ], [ 112.691010032, -7.324450321999961, 0.0 ], [ 112.691127100000017, -7.324067394999929, 0.0 ], [ 112.692476998000075, -7.324294106999957, 0.0 ], [ 112.692209935000051, -7.326446939999926, 0.0 ], [ 112.69228879100001, -7.32678212299993, 0.0 ], [ 112.694719727, -7.328589316999967, 0.0 ], [ 112.695272513000077, -7.329503270999965, 0.0 ], [ 112.695050012000024, -7.330363012999953, 0.0 ], [ 112.695722722000028, -7.330542636999951, 0.0 ], [ 112.695468144000074, -7.33194436499997, 0.0 ], [ 112.696066616000053, -7.332220633999952, 0.0 ], [ 112.695036461000086, -7.335229282999933, 0.0 ], [ 112.694268824, -7.336753229999943, 0.0 ], [ 112.690837696000017, -7.335520014999929, 0.0 ], [ 112.682614438000087, -7.336065462999954, 0.0 ], [ 112.675107892000028, -7.335378699999978, 0.0 ], [ 112.676100437000059, -7.332959801999948, 0.0 ], [ 112.674801435000063, -7.332570346999944, 0.0 ], [ 112.67570450300002, -7.330481849999956, 0.0 ], [ 112.676411907000102, -7.329578315999981, 0.0 ], [ 112.677860391000081, -7.32985937199993, 0.0 ], [ 112.677790673000118, -7.330230306999965, 0.0 ], [ 112.678750567000066, -7.330043931999967, 0.0 ], [ 112.678879810000012, -7.32987774299994, 0.0 ], [ 112.679360114000019, -7.327856907999944, 0.0 ], [ 112.680908948000024, -7.32409724799993, 0.0 ], [ 112.681606207000073, -7.320564826999941, 0.0 ], [ 112.680403744000046, -7.320082046999971, 0.0 ], [ 112.679124672000057, -7.319212155999935, 0.0 ], [ 112.67808294200006, -7.319143703999941, 0.0 ], [ 112.67796326000007, -7.31862214299997, 0.0 ], [ 112.676290348000066, -7.318231656999956, 0.0 ], [ 112.675841729000012, -7.317722010999944, 0.0 ], [ 112.675086615000055, -7.317325874999938, 0.0 ], [ 112.673964280000064, -7.317521006999925, 0.0 ], [ 112.673539359000074, -7.31743357299996, 0.0 ], [ 112.672851470000069, -7.317687473999968, 0.0 ], [ 112.672370405000038, -7.317248031999952, 0.0 ], [ 112.671571440000093, -7.317006342999946, 0.0 ], [ 112.672857179000061, -7.314208082999926, 0.0 ], [ 112.673426935000066, -7.311565680999934, 0.0 ], [ 112.67349398600004, -7.30996887799995, 0.0 ], [ 112.673910423000052, -7.30897878199994, 0.0 ], [ 112.67428007400008, -7.306654699999967, 0.0 ], [ 112.673833374000083, -7.305091039999979, 0.0 ], [ 112.673884348000115, -7.304561363999937, 0.0 ], [ 112.673658967000051, -7.303345562999937, 0.0 ], [ 112.672973802000115, -7.302302056999963, 0.0 ], [ 112.6729138500001, -7.301783006999926, 0.0 ], [ 112.673224220000066, -7.29908258699993, 0.0 ], [ 112.673774901000115, -7.298068993999948, 0.0 ], [ 112.673679697000011, -7.297457633999954, 0.0 ], [ 112.673363479000045, -7.296757763999949, 0.0 ], [ 112.673238540000057, -7.295950557999959, 0.0 ], [ 112.672660025000027, -7.295510374999935, 0.0 ], [ 112.672245767000049, -7.294854138999938, 0.0 ], [ 112.671563176000063, -7.29457135499996, 0.0 ], [ 112.671564465000074, -7.294395787999974, 0.0 ], [ 112.67185599700008, -7.294196638999949, 0.0 ], [ 112.671955983000089, -7.293532169999935, 0.0 ], [ 112.671251437000024, -7.292100719999951, 0.0 ], [ 112.67209101100002, -7.291626163999979, 0.0 ], [ 112.675482392000049, -7.290416677999929, 0.0 ], [ 112.676393524000105, -7.289408476999938, 0.0 ], [ 112.674723464000067, -7.288357047999966, 0.0 ], [ 112.673920365000072, -7.286546727999962, 0.0 ], [ 112.673653346000037, -7.285179835999941, 0.0 ], [ 112.673854280000114, -7.283829653999931, 0.0 ], [ 112.673120939000114, -7.283428266999977, 0.0 ], [ 112.673609386000066, -7.282589243999951, 0.0 ], [ 112.674805088000085, -7.28295049899998, 0.0 ], [ 112.675351076000084, -7.283371378999959, 0.0 ], [ 112.676536481000085, -7.283351980999953, 0.0 ], [ 112.677747563000025, -7.283531912999933, 0.0 ], [ 112.678444436000063, -7.283804060999955, 0.0 ], [ 112.677826572000072, -7.286083406999978, 0.0 ], [ 112.67761207500007, -7.287588639999967, 0.0 ], [ 112.678628073000027, -7.287842238999929, 0.0 ], [ 112.677181337000093, -7.289290111999946, 0.0 ], [ 112.676662209000028, -7.290286699999967, 0.0 ], [ 112.675766317000011, -7.293542644999945, 0.0 ], [ 112.67577949300005, -7.293997225999931, 0.0 ], [ 112.676281870000025, -7.29413511499996, 0.0 ], [ 112.676796185000057, -7.29465352699998, 0.0 ], [ 112.676845, -7.295295, 0.0 ], [ 112.676577638000026, -7.295622052999931, 0.0 ], [ 112.678033647, -7.295752069999935, 0.0 ], [ 112.679018636000023, -7.295667026999979, 0.0 ], [ 112.680553442000019, -7.296082712999976, 0.0 ], [ 112.680620769000029, -7.296238200999937, 0.0 ], [ 112.680989521000015, -7.296198243999982, 0.0 ], [ 112.683883995000087, -7.297985149999931, 0.0 ], [ 112.684939191000012, -7.297909718999961, 0.0 ], [ 112.68608241000004, -7.297051629999942, 0.0 ], [ 112.687294935000068, -7.29755546399997, 0.0 ], [ 112.689737014000116, -7.298938222999936, 0.0 ], [ 112.691202898000029, -7.299202209999976, 0.0 ], [ 112.695964906000086, -7.301245921999964, 0.0 ], [ 112.699861125000098, -7.302443506999964, 0.0 ], [ 112.701651310000102, -7.302547869999955, 0.0 ], [ 112.703275962000021, -7.301268977999939, 0.0 ], [ 112.704251121000084, -7.30169607299996, 0.0 ], [ 112.704482, -7.30083, 0.0 ], [ 112.705034752000074, -7.301163963999954, 0.0 ], [ 112.705267001000038, -7.301675000999978, 0.0 ], [ 112.705543426000077, -7.30168873599996, 0.0 ], [ 112.70552516500004, -7.302229222999927, 0.0 ], [ 112.70608613200011, -7.302334333999966, 0.0 ], [ 112.706263, -7.302050243999929, 0.0 ], [ 112.706212, -7.301716000999932, 0.0 ], [ 112.706650001000071, -7.301817, 0.0 ], [ 112.707004780000034, -7.301602881999941, 0.0 ], [ 112.707531551000102, -7.303348310999979, 0.0 ], [ 112.707404016000055, -7.306925636999949, 0.0 ], [ 112.709474875000069, -7.306992144999981, 0.0 ], [ 112.710749862000057, -7.306831294999938, 0.0 ], [ 112.71308164200002, -7.307038315999932, 0.0 ], [ 112.713576902000113, -7.307842493999942, 0.0 ], [ 112.712204725000106, -7.308992441999976, 0.0 ], [ 112.711759344000029, -7.309647033999966, 0.0 ], [ 112.711428774000069, -7.310958298999935, 0.0 ], [ 112.711328078000065, -7.312837932999969, 0.0 ], [ 112.706998113000054, -7.312778685999945, 0.0 ], [ 112.705237296000064, -7.312944689999938, 0.0 ], [ 112.704816512000093, -7.313136636999957, 0.0 ], [ 112.704634900000087, -7.31374741999997, 0.0 ], [ 112.703630713000052, -7.313758537999945, 0.0 ], [ 112.703596871000059, -7.314168544999973, 0.0 ], [ 112.702555940000025, -7.314060380999933, 0.0 ], [ 112.702470517000052, -7.31473961599994, 0.0 ], [ 112.702656956000055, -7.315331942999933, 0.0 ], [ 112.701802559000043, -7.315420310999968, 0.0 ], [ 112.69952622400001, -7.319157809999979, 0.0 ], [ 112.698334270000032, -7.319380878999937, 0.0 ], [ 112.698642455000027, -7.320953240999927, 0.0 ], [ 112.698587896000049, -7.321434564999947, 0.0 ], [ 112.698453061, -7.322054321999929, 0.0 ], [ 112.698129946000108, -7.321993445999965, 0.0 ], [ 112.697687782000116, -7.323898219999933, 0.0 ], [ 112.696496210000078, -7.323528822999947, 0.0 ], [ 112.6958887400001, -7.323619120999979, 0.0 ], [ 112.692964396000093, -7.322645881999961, 0.0 ], [ 112.692737102000024, -7.32282870399996, 0.0 ], [ 112.692029881000053, -7.322564689999979, 0.0 ], [ 112.690406913000061, -7.322398663999934, 0.0 ], [ 112.690285295000081, -7.322410149999939, 0.0 ] ] ] } },
{ "type": "Feature", "properties": { "kecamatan": "Wonocolo" }, "geometry": { "type": "Polygon", "coordinates": [ [ [ 112.7432960000001, -7.331347, 0.0 ], [ 112.742574001000094, -7.334234, 0.0 ], [ 112.742181001000063, -7.334842, 0.0 ], [ 112.742107, -7.33539, 0.0 ], [ 112.742390000000114, -7.33664300099997, 0.0 ], [ 112.742243, -7.337702, 0.0 ], [ 112.741955, -7.338486, 0.0 ], [ 112.741985001000103, -7.338705, 0.0 ], [ 112.742344000000116, -7.338954, 0.0 ], [ 112.742035000000101, -7.340662001999931, 0.0 ], [ 112.742883526000014, -7.340953742999943, 0.0 ], [ 112.741980733000105, -7.34520183099994, 0.0 ], [ 112.736578826000027, -7.344774885999925, 0.0 ], [ 112.736407761, -7.344079887999953, 0.0 ], [ 112.736715999000012, -7.343069, 0.0 ], [ 112.736616, -7.342573001999938, 0.0 ], [ 112.733391, -7.340939, 0.0 ], [ 112.733218862000058, -7.341056021999975, 0.0 ], [ 112.733236850000026, -7.339920825999968, 0.0 ], [ 112.729436246000091, -7.339588953999964, 0.0 ], [ 112.729349407000086, -7.337309836999964, 0.0 ], [ 112.731866161000085, -7.326613874999964, 0.0 ], [ 112.735092178000059, -7.311311242999977, 0.0 ], [ 112.738983001000065, -7.312123, 0.0 ], [ 112.739158001000078, -7.311113, 0.0 ], [ 112.740183000000115, -7.311324, 0.0 ], [ 112.740191001000085, -7.311595, 0.0 ], [ 112.740391, -7.311621000999935, 0.0 ], [ 112.740619, -7.311181, 0.0 ], [ 112.741803444000084, -7.305890042999977, 0.0 ], [ 112.749413281000102, -7.305825991999939, 0.0 ], [ 112.752913, -7.30597, 0.0 ], [ 112.754188999, -7.305662, 0.0 ], [ 112.756882, -7.306024000999969, 0.0 ], [ 112.757280861000027, -7.304849347999948, 0.0 ], [ 112.7607792660001, -7.305879714999946, 0.0 ], [ 112.758887, -7.308926, 0.0 ], [ 112.759079, -7.309485, 0.0 ], [ 112.756851715000039, -7.312345680999954, 0.0 ], [ 112.756351810000069, -7.312116360999937, 0.0 ], [ 112.75611724800001, -7.311668503999954, 0.0 ], [ 112.755813155000055, -7.311748344999955, 0.0 ], [ 112.755608961, -7.312141649999944, 0.0 ], [ 112.7550105360001, -7.311788586999967, 0.0 ], [ 112.753878727000028, -7.311575176999952, 0.0 ], [ 112.753147375000026, -7.311694913999929, 0.0 ], [ 112.753204, -7.314395, 0.0 ], [ 112.753312999000059, -7.314626000999965, 0.0 ], [ 112.754239670000061, -7.315256688999966, 0.0 ], [ 112.750905000000103, -7.318149, 0.0 ], [ 112.749375402000055, -7.31756048799997, 0.0 ], [ 112.7480240000001, -7.317408, 0.0 ], [ 112.747541, -7.318907, 0.0 ], [ 112.747944, -7.319728, 0.0 ], [ 112.746792, -7.320408, 0.0 ], [ 112.747311001000071, -7.322132, 0.0 ], [ 112.746917, -7.3223, 0.0 ], [ 112.746771, -7.323087, 0.0 ], [ 112.743857001000038, -7.32274100199993, 0.0 ], [ 112.743860209000104, -7.324800932999949, 0.0 ], [ 112.7432960000001, -7.331347, 0.0 ] ] ] } },
{ "type": "Feature", "properties": { "kecamatan": "Wonokromo" }, "geometry": { "type": "Polygon", "coordinates": [ [ [ 112.754293091000022, -7.304164188999948, 0.0 ], [ 112.757280861000027, -7.304849347999948, 0.0 ], [ 112.756882, -7.306024000999969, 0.0 ], [ 112.754188999, -7.305662, 0.0 ], [ 112.752913, -7.30597, 0.0 ], [ 112.749413281000102, -7.305825991999939, 0.0 ], [ 112.741803444000084, -7.305890042999977, 0.0 ], [ 112.740619, -7.311181, 0.0 ], [ 112.740391, -7.311621000999935, 0.0 ], [ 112.740191001000085, -7.311595, 0.0 ], [ 112.740183000000115, -7.311324, 0.0 ], [ 112.739158001000078, -7.311113, 0.0 ], [ 112.738983001000065, -7.312123, 0.0 ], [ 112.735092178000059, -7.311311242999977, 0.0 ], [ 112.735206929000014, -7.310573656999964, 0.0 ], [ 112.730967849000081, -7.309684341999969, 0.0 ], [ 112.730454769000062, -7.309746190999931, 0.0 ], [ 112.729901575000099, -7.310093488999939, 0.0 ], [ 112.727749456000083, -7.309250334999945, 0.0 ], [ 112.726013992000048, -7.308281081999951, 0.0 ], [ 112.72402421400011, -7.307634243999928, 0.0 ], [ 112.723384803000044, -7.307562722999933, 0.0 ], [ 112.721402322000017, -7.307966024999928, 0.0 ], [ 112.719963, -7.30802495699993, 0.0 ], [ 112.720035594000024, -7.306453245999933, 0.0 ], [ 112.721074119000036, -7.299169724999956, 0.0 ], [ 112.720735017000038, -7.298220547999961, 0.0 ], [ 112.720981380000012, -7.29585349599995, 0.0 ], [ 112.722042584000064, -7.29496856399993, 0.0 ], [ 112.723156147000054, -7.294837976999929, 0.0 ], [ 112.723436073000016, -7.294616733999931, 0.0 ], [ 112.723593053000059, -7.294205187999978, 0.0 ], [ 112.724635, -7.293892, 0.0 ], [ 112.724937999000076, -7.293314, 0.0 ], [ 112.725002001, -7.291888001999951, 0.0 ], [ 112.725325000000112, -7.291484, 0.0 ], [ 112.726009, -7.291367, 0.0 ], [ 112.727538001000084, -7.291596001999949, 0.0 ], [ 112.728749100000073, -7.292188543999941, 0.0 ], [ 112.729399593000039, -7.29066002899998, 0.0 ], [ 112.729946439000059, -7.290133081999954, 0.0 ], [ 112.730382202000101, -7.289157385999943, 0.0 ], [ 112.730408061000048, -7.288715255999932, 0.0 ], [ 112.729782441000111, -7.287857205999956, 0.0 ], [ 112.729580268000063, -7.287265529999956, 0.0 ], [ 112.729755774000068, -7.286712730999966, 0.0 ], [ 112.729729238, -7.28582191199996, 0.0 ], [ 112.729989690000025, -7.285613696999974, 0.0 ], [ 112.730165250000027, -7.285164889999976, 0.0 ], [ 112.73021677600002, -7.283909866999977, 0.0 ], [ 112.730034097000043, -7.283363759999929, 0.0 ], [ 112.728984888000014, -7.281745127999955, 0.0 ], [ 112.72893905400008, -7.281374476999929, 0.0 ], [ 112.729205783000111, -7.280685078999966, 0.0 ], [ 112.729125747000012, -7.280380836999939, 0.0 ], [ 112.727974470000049, -7.27975595099997, 0.0 ], [ 112.727664601000015, -7.279342958999962, 0.0 ], [ 112.72756245100004, -7.277692644999945, 0.0 ], [ 112.727952331000097, -7.276720570999942, 0.0 ], [ 112.728874927000106, -7.277659622999977, 0.0 ], [ 112.731754500000079, -7.281272185999967, 0.0 ], [ 112.735913739000011, -7.289643037999952, 0.0 ], [ 112.737761890000115, -7.289208997999935, 0.0 ], [ 112.73966508, -7.289242267999953, 0.0 ], [ 112.742447466000044, -7.290240132999941, 0.0 ], [ 112.742970812000067, -7.290164071999925, 0.0 ], [ 112.743576045000054, -7.289277345999949, 0.0 ], [ 112.746200243000089, -7.286669897999957, 0.0 ], [ 112.746996613000078, -7.285545954999975, 0.0 ], [ 112.7471994120001, -7.284843557999977, 0.0 ], [ 112.747230138000077, -7.283813627999962, 0.0 ], [ 112.746799678000116, -7.282356905999961, 0.0 ], [ 112.744053541000085, -7.277255989999958, 0.0 ], [ 112.746278422000046, -7.27641321599998, 0.0 ], [ 112.750217340000063, -7.277265253999929, 0.0 ], [ 112.748164245000112, -7.287458190999928, 0.0 ], [ 112.74725576700007, -7.291080160999968, 0.0 ], [ 112.748254148000115, -7.291682335999951, 0.0 ], [ 112.752404088000048, -7.29323914899993, 0.0 ], [ 112.753273475000015, -7.293451627999957, 0.0 ], [ 112.757019303000106, -7.293663841999944, 0.0 ], [ 112.755432193000047, -7.30023052699994, 0.0 ], [ 112.754293091000022, -7.304164188999948, 0.0 ] ] ] } }
]
}
